case,openings,hammer_events,trr_events,para_events,bitflips,critical_bitflips,noncritical_bitflips,critical_trr_events,noncritical_trr_events,critical_para_events,noncritical_para_events,budget_blocks,budget_resets,prob_checks,prob_successes,para_checks,para_successes,budget_used_final_window,memory_system_cycles,num_read_reqs_0,read_latency_0,avg_read_latency_0,queue_len_avg_0,read_queue_len_avg_0,priority_queue_len_avg_0,row_conflicts_0,read_row_conflicts_0,row_misses_0,read_row_misses_0,row_hits_0,read_row_hits_0
para_sec_h1_ps1_linear_nr1024,78,78,0,6,28,0,28,0,0,2,4,0,0,150,28,156,6,0/32,188396,72,12557,174.402771,0.0631489009,0.0581381768,0.00501072221,41,41,31,31,0,0
para_sec_h1_ps1_linear_nr128,78,78,0,6,39,0,39,0,0,2,4,0,0,148,39,154,6,0/32,188405,72,12585,174.791672,0.0632891878,0.0582787097,0.00501048286,41,41,31,31,0,0
para_sec_h1_ps1_linear_nr256,78,78,0,6,32,0,32,0,0,2,4,0,0,150,32,156,6,0/32,188396,72,12557,174.402771,0.0631489009,0.0581381768,0.00501072221,41,41,31,31,0,0
para_sec_h1_ps1_linear_nr64,77,77,0,5,47,2,45,0,0,1,4,0,0,146,47,151,5,0/32,188311,72,11208,155.666672,0.0551481321,0.0509104617,0.00423767045,40,40,32,32,0,0
para_sec_h1_ps1_sigmoid_nr1024,78,78,0,6,7,0,7,0,0,2,4,0,0,150,7,156,6,0/32,188396,72,12557,174.402771,0.0631489009,0.0581381768,0.00501072221,41,41,31,31,0,0
para_sec_h1_ps1_sigmoid_nr128,78,78,0,6,13,0,13,0,0,2,4,0,0,148,13,154,6,0/32,188405,72,12585,174.791672,0.0632891878,0.0582787097,0.00501048286,41,41,31,31,0,0
para_sec_h1_ps1_sigmoid_nr256,78,78,0,6,8,0,8,0,0,2,4,0,0,150,8,156,6,0/32,188396,72,12557,174.402771,0.0631489009,0.0581381768,0.00501072221,41,41,31,31,0,0
para_sec_h1_ps1_sigmoid_nr64,77,77,0,5,21,1,20,0,0,1,4,0,0,146,21,151,5,0/32,188311,72,11208,155.666672,0.0551481321,0.0509104617,0.00423767045,40,40,32,32,0,0
para_sec_h1_ps1_step_nr1024,78,78,0,6,150,7,143,0,0,2,4,0,0,150,150,156,6,0/32,188396,72,12557,174.402771,0.0631489009,0.0581381768,0.00501072221,41,41,31,31,0,0
para_sec_h1_ps1_step_nr128,78,78,0,6,148,7,141,0,0,2,4,0,0,148,148,154,6,0/32,188405,72,12585,174.791672,0.0632891878,0.0582787097,0.00501048286,41,41,31,31,0,0
para_sec_h1_ps1_step_nr256,78,78,0,6,150,7,143,0,0,2,4,0,0,150,150,156,6,0/32,188396,72,12557,174.402771,0.0631489009,0.0581381768,0.00501072221,41,41,31,31,0,0
para_sec_h1_ps1_step_nr64,77,77,0,5,146,8,138,0,0,1,4,0,0,146,146,151,5,0/32,188311,72,11208,155.666672,0.0551481321,0.0509104617,0.00423767045,40,40,32,32,0,0
para_sec_h1_ps2_linear_nr1024,79,79,0,7,1,0,1,0,0,1,6,0,0,5,1,158,7,0/32,188420,72,13353,185.458328,0.0685277581,0.062742807,0.00578494836,42,42,30,30,0,0
para_sec_h1_ps2_linear_nr128,76,76,0,4,13,0,13,0,0,0,4,0,0,53,13,150,4,0/32,188215,72,9978,138.583328,0.0478867255,0.0444226004,0.00346412347,42,42,30,30,0,0
para_sec_h1_ps2_linear_nr256,79,79,0,7,7,0,7,0,0,1,6,0,0,28,7,158,7,0/32,188429,72,13159,182.763885,0.0673569366,0.0615722649,0.00578467222,40,40,32,32,0,0
para_sec_h1_ps2_linear_nr64,77,77,0,5,20,2,18,0,0,1,4,0,0,79,20,151,5,0/32,188317,72,11369,157.902771,0.0556827039,0.0514451712,0.00423753588,40,40,32,32,0,0
para_sec_h1_ps2_sigmoid_nr1024,79,79,0,7,1,0,1,0,0,1,6,0,0,5,1,158,7,0/32,188420,72,13353,185.458328,0.0685277581,0.062742807,0.00578494836,42,42,30,30,0,0
para_sec_h1_ps2_sigmoid_nr128,77,77,0,5,10,1,9,0,0,1,4,0,0,57,10,152,5,0/32,188273,72,10906,151.472229,0.0542244501,0.049337931,0.00488652103,42,42,30,30,0,0
para_sec_h1_ps2_sigmoid_nr256,79,79,0,7,5,0,5,0,0,1,6,0,0,29,5,158,7,0/32,188429,72,13159,182.763885,0.0673569366,0.0615722649,0.00578467222,40,40,32,32,0,0
para_sec_h1_ps2_sigmoid_nr64,76,76,0,4,14,1,13,0,0,0,4,0,0,79,14,149,4,0/32,188236,72,10115,140.486115,0.0486782566,0.0452145189,0.00346373697,40,40,32,32,0,0
para_sec_h1_ps2_step_nr1024,79,79,0,7,5,0,5,0,0,1,6,0,0,5,5,158,7,0/32,188420,72,13353,185.458328,0.0685277581,0.062742807,0.00578494836,42,42,30,30,0,0
para_sec_h1_ps2_step_nr128,76,76,0,4,44,2,42,0,0,0,4,0,0,44,44,150,4,0/32,188225,72,9971,138.486115,0.0478841811,0.0444202423,0.00346393953,42,42,30,30,0,0
para_sec_h1_ps2_step_nr256,79,79,0,7,26,1,25,0,0,1,6,0,0,26,26,158,7,0/32,188429,72,13159,182.763885,0.0673569366,0.0615722649,0.00578467222,40,40,32,32,0,0
para_sec_h1_ps2_step_nr64,78,78,0,6,55,4,51,0,0,1,5,0,0,55,55,153,6,0/32,188390,72,12600,175,0.0635277852,0.0585169047,0.00501088146,40,40,32,32,0,0
para_sec_h1_ps3_linear_nr1024,79,79,0,7,0,0,0,0,0,1,6,0,0,0,0,158,7,0/32,188418,72,13335,185.208328,0.0684170276,0.0626320168,0.00578500982,41,41,31,31,0,0
para_sec_h1_ps3_linear_nr128,78,78,0,6,4,0,4,0,0,0,6,0,0,18,4,154,6,0/32,188389,72,12290,170.694443,0.0619834475,0.0569725409,0.00501090847,41,41,31,31,0,0
para_sec_h1_ps3_linear_nr256,79,79,0,7,0,0,0,0,0,1,6,0,0,3,0,158,7,0/32,188423,72,13211,183.486115,0.0678738803,0.0620890222,0.00578485662,41,41,31,31,0,0
para_sec_h1_ps3_linear_nr64,77,77,0,5,9,0,9,0,0,1,4,0,0,39,9,151,5,0/32,188315,72,11215,155.763885,0.0553275086,0.0510474481,0.00428006286,41,41,31,31,0,0
para_sec_h1_ps3_sigmoid_nr1024,79,79,0,7,0,0,0,0,0,1,6,0,0,0,0,158,7,0/32,188418,72,13335,185.208328,0.0684170276,0.0626320168,0.00578500982,41,41,31,31,0,0
para_sec_h1_ps3_sigmoid_nr128,78,78,0,6,4,0,4,0,0,0,6,0,0,18,4,154,6,0/32,188389,72,12290,170.694443,0.0619834475,0.0569725409,0.00501090847,41,41,31,31,0,0
para_sec_h1_ps3_sigmoid_nr256,79,79,0,7,1,0,1,0,0,1,6,0,0,3,1,158,7,0/32,188423,72,13211,183.486115,0.0678738803,0.0620890222,0.00578485662,41,41,31,31,0,0
para_sec_h1_ps3_sigmoid_nr64,77,77,0,5,10,1,9,0,0,1,4,0,0,38,10,151,5,0/32,188315,72,11215,155.763885,0.0553275086,0.0510474481,0.00428006286,41,41,31,31,0,0
para_sec_h1_ps3_step_nr1024,79,79,0,7,0,0,0,0,0,1,6,0,0,0,0,158,7,0/32,188418,72,13335,185.208328,0.0684170276,0.0626320168,0.00578500982,41,41,31,31,0,0
para_sec_h1_ps3_step_nr128,78,78,0,6,16,1,15,0,0,0,6,0,0,16,16,154,6,0/32,188389,72,12290,170.694443,0.0619834475,0.0569725409,0.00501090847,41,41,31,31,0,0
para_sec_h1_ps3_step_nr256,79,79,0,7,3,0,3,0,0,1,6,0,0,3,3,158,7,0/32,188423,72,13211,183.486115,0.0678738803,0.0620890222,0.00578485662,41,41,31,31,0,0
para_sec_h1_ps3_step_nr64,78,78,0,6,27,2,25,0,0,0,6,0,0,27,27,153,6,0/32,188383,72,12255,170.208328,0.0617200062,0.0567089394,0.00501106773,40,40,32,32,0,0
para_sec_h2_ps1_linear_nr1024,72,0,0,0,0,0,0,0,0,0,0,0,0,0,0,0,0,0/32,187910,72,4901,68.0694427,0.0186099727,0.018248098,0.000361875369,44,44,28,28,0,0
para_sec_h2_ps1_linear_nr128,74,15,0,2,6,1,5,0,0,1,1,0,0,27,6,29,2,0/32,188039,72,7155,99.375,0.031668961,0.0297544654,0.00191449642,43,43,29,29,0,0
para_sec_h2_ps1_linear_nr256,73,6,0,1,3,0,3,0,0,1,0,0,0,11,3,12,1,0/32,187980,72,6133,85.1805573,0.025454836,0.0243164171,0.00113841903,43,43,29,29,0,0
para_sec_h2_ps1_linear_nr64,74,19,0,2,9,0,9,0,0,0,2,0,0,35,9,37,2,0/32,188045,72,7524,104.5,0.0331569575,0.0312425215,0.00191443542,42,42,30,30,0,0
para_sec_h2_ps1_sigmoid_nr1024,72,0,0,0,0,0,0,0,0,0,0,0,0,0,0,0,0,0/32,187910,72,4901,68.0694427,0.0186099727,0.018248098,0.000361875369,44,44,28,28,0,0
para_sec_h2_ps1_sigmoid_nr128,74,15,0,2,1,0,1,0,0,1,1,0,0,27,1,29,2,0/32,188039,72,7155,99.375,0.031668961,0.0297544654,0.00191449642,43,43,29,29,0,0
para_sec_h2_ps1_sigmoid_nr256,73,6,0,1,2,0,2,0,0,1,0,0,0,11,2,12,1,0/32,187980,72,6133,85.1805573,0.025454836,0.0243164171,0.00113841903,43,43,29,29,0,0
para_sec_h2_ps1_sigmoid_nr64,74,19,0,2,1,0,1,0,0,0,2,0,0,35,1,37,2,0/32,188045,72,7524,104.5,0.0331569575,0.0312425215,0.00191443542,42,42,30,30,0,0
para_sec_h2_ps1_step_nr1024,72,0,0,0,0,0,0,0,0,0,0,0,0,0,0,0,0,0/32,187910,72,4901,68.0694427,0.0186099727,0.018248098,0.000361875369,44,44,28,28,0,0
para_sec_h2_ps1_step_nr128,74,15,0,2,27,1,26,0,0,1,1,0,0,27,27,29,2,0/32,188039,72,7155,99.375,0.031668961,0.0297544654,0.00191449642,43,43,29,29,0,0
para_sec_h2_ps1_step_nr256,73,6,0,1,11,0,11,0,0,1,0,0,0,11,11,12,1,0/32,187980,72,6133,85.1805573,0.025454836,0.0243164171,0.00113841903,43,43,29,29,0,0
para_sec_h2_ps1_step_nr64,74,19,0,2,35,2,33,0,0,0,2,0,0,35,35,37,2,0/32,188045,72,7524,104.5,0.0331569575,0.0312425215,0.00191443542,42,42,30,30,0,0
para_sec_h2_ps2_linear_nr1024,72,0,0,0,0,0,0,0,0,0,0,0,0,0,0,0,0,0/32,187910,72,4901,68.0694427,0.0186099727,0.018248098,0.000361875369,44,44,28,28,0,0
para_sec_h2_ps2_linear_nr128,75,15,0,3,0,0,0,0,0,0,3,0,0,2,0,29,3,0/32,188127,72,7263,100.875,0.0330255628,0.0303358901,0.0026896724,42,42,30,30,0,0
para_sec_h2_ps2_linear_nr256,72,5,0,0,0,0,0,0,0,0,0,0,0,0,0,10,0,0/32,187910,72,4901,68.0694427,0.0186099727,0.018248098,0.000361875369,44,44,28,28,0,0
para_sec_h2_ps2_linear_nr64,75,21,0,3,1,0,1,0,0,0,3,0,0,6,1,41,3,0/32,188135,72,8779,121.930557,0.0408058055,0.0381162465,0.00268955808,41,41,31,31,0,0
para_sec_h2_ps2_sigmoid_nr1024,72,0,0,0,0,0,0,0,0,0,0,0,0,0,0,0,0,0/32,187910,72,4901,68.0694427,0.0186099727,0.018248098,0.000361875369,44,44,28,28,0,0
para_sec_h2_ps2_sigmoid_nr128,75,15,0,3,0,0,0,0,0,0,3,0,0,2,0,29,3,0/32,188127,72,7263,100.875,0.0330255628,0.0303358901,0.0026896724,42,42,30,30,0,0
para_sec_h2_ps2_sigmoid_nr256,72,5,0,0,0,0,0,0,0,0,0,0,0,0,0,10,0,0/32,187910,72,4901,68.0694427,0.0186099727,0.018248098,0.000361875369,44,44,28,28,0,0
para_sec_h2_ps2_sigmoid_nr64,75,21,0,3,0,0,0,0,0,0,3,0,0,6,0,41,3,0/32,188135,72,8779,121.930557,0.0408058055,0.0381162465,0.00268955808,41,41,31,31,0,0
para_sec_h2_ps2_step_nr1024,72,0,0,0,0,0,0,0,0,0,0,0,0,0,0,0,0,0/32,187910,72,4901,68.0694427,0.0186099727,0.018248098,0.000361875369,44,44,28,28,0,0
para_sec_h2_ps2_step_nr128,75,15,0,3,2,1,1,0,0,0,3,0,0,2,2,29,3,0/32,188127,72,7263,100.875,0.0330255628,0.0303358901,0.0026896724,42,42,30,30,0,0
para_sec_h2_ps2_step_nr256,72,5,0,0,0,0,0,0,0,0,0,0,0,0,0,10,0,0/32,187910,72,4901,68.0694427,0.0186099727,0.018248098,0.000361875369,44,44,28,28,0,0
para_sec_h2_ps2_step_nr64,75,21,0,3,6,1,5,0,0,0,3,0,0,6,6,41,3,0/32,188135,72,8779,121.930557,0.0408058055,0.0381162465,0.00268955808,41,41,31,31,0,0
para_sec_h2_ps3_linear_nr1024,72,0,0,0,0,0,0,0,0,0,0,0,0,0,0,0,0,0/32,187910,72,4901,68.0694427,0.0186099727,0.018248098,0.000361875369,44,44,28,28,0,0
para_sec_h2_ps3_linear_nr128,75,15,0,3,0,0,0,0,0,0,3,0,0,0,0,29,3,0/32,188055,72,6884,95.6111145,0.0311717317,0.028481029,0.00269070221,43,43,29,29,0,0
para_sec_h2_ps3_linear_nr256,72,5,0,0,0,0,0,0,0,0,0,0,0,0,0,10,0,0/32,187910,72,4901,68.0694427,0.0186099727,0.018248098,0.000361875369,44,44,28,28,0,0
para_sec_h2_ps3_linear_nr64,75,21,0,3,0,0,0,0,0,0,3,0,0,0,0,41,3,0/32,188143,72,8757,121.625,0.0405914634,0.0379020199,0.00268944376,41,41,31,31,0,0
para_sec_h2_ps3_sigmoid_nr1024,72,0,0,0,0,0,0,0,0,0,0,0,0,0,0,0,0,0/32,187910,72,4901,68.0694427,0.0186099727,0.018248098,0.000361875369,44,44,28,28,0,0
para_sec_h2_ps3_sigmoid_nr128,75,15,0,3,0,0,0,0,0,0,3,0,0,0,0,29,3,0/32,188055,72,6884,95.6111145,0.0311717317,0.028481029,0.00269070221,43,43,29,29,0,0
para_sec_h2_ps3_sigmoid_nr256,72,5,0,0,0,0,0,0,0,0,0,0,0,0,0,10,0,0/32,187910,72,4901,68.0694427,0.0186099727,0.018248098,0.000361875369,44,44,28,28,0,0
para_sec_h2_ps3_sigmoid_nr64,75,21,0,3,0,0,0,0,0,0,3,0,0,0,0,41,3,0/32,188143,72,8757,121.625,0.0405914634,0.0379020199,0.00268944376,41,41,31,31,0,0
para_sec_h2_ps3_step_nr1024,72,0,0,0,0,0,0,0,0,0,0,0,0,0,0,0,0,0/32,187910,72,4901,68.0694427,0.0186099727,0.018248098,0.000361875369,44,44,28,28,0,0
para_sec_h2_ps3_step_nr128,75,15,0,3,0,0,0,0,0,0,3,0,0,0,0,29,3,0/32,188055,72,6884,95.6111145,0.0311717317,0.028481029,0.00269070221,43,43,29,29,0,0
para_sec_h2_ps3_step_nr256,72,5,0,0,0,0,0,0,0,0,0,0,0,0,0,10,0,0/32,187910,72,4901,68.0694427,0.0186099727,0.018248098,0.000361875369,44,44,28,28,0,0
para_sec_h2_ps3_step_nr64,75,21,0,3,0,0,0,0,0,0,3,0,0,0,0,41,3,0/32,188143,72,8757,121.625,0.0405914634,0.0379020199,0.00268944376,41,41,31,31,0,0
para_sec_h4_ps1_linear_nr1024,72,0,0,0,0,0,0,0,0,0,0,0,0,0,0,0,0,0/32,187910,72,4901,68.0694427,0.0186099727,0.018248098,0.000361875369,44,44,28,28,0,0
para_sec_h4_ps1_linear_nr128,72,0,0,0,0,0,0,0,0,0,0,0,0,0,0,0,0,0/32,187910,72,4901,68.0694427,0.0186099727,0.018248098,0.000361875369,44,44,28,28,0,0
para_sec_h4_ps1_linear_nr256,72,0,0,0,0,0,0,0,0,0,0,0,0,0,0,0,0,0/32,187910,72,4901,68.0694427,0.0186099727,0.018248098,0.000361875369,44,44,28,28,0,0
para_sec_h4_ps1_linear_nr64,72,2,0,0,0,0,0,0,0,0,0,0,0,4,0,4,0,0/32,187910,72,4901,68.0694427,0.0186099727,0.018248098,0.000361875369,44,44,28,28,0,0
para_sec_h4_ps1_sigmoid_nr1024,72,0,0,0,0,0,0,0,0,0,0,0,0,0,0,0,0,0/32,187910,72,4901,68.0694427,0.0186099727,0.018248098,0.000361875369,44,44,28,28,0,0
para_sec_h4_ps1_sigmoid_nr128,72,0,0,0,0,0,0,0,0,0,0,0,0,0,0,0,0,0/32,187910,72,4901,68.0694427,0.0186099727,0.018248098,0.000361875369,44,44,28,28,0,0
para_sec_h4_ps1_sigmoid_nr256,72,0,0,0,0,0,0,0,0,0,0,0,0,0,0,0,0,0/32,187910,72,4901,68.0694427,0.0186099727,0.018248098,0.000361875369,44,44,28,28,0,0
para_sec_h4_ps1_sigmoid_nr64,72,2,0,0,0,0,0,0,0,0,0,0,0,4,0,4,0,0/32,187910,72,4901,68.0694427,0.0186099727,0.018248098,0.000361875369,44,44,28,28,0,0
para_sec_h4_ps1_step_nr1024,72,0,0,0,0,0,0,0,0,0,0,0,0,0,0,0,0,0/32,187910,72,4901,68.0694427,0.0186099727,0.018248098,0.000361875369,44,44,28,28,0,0
para_sec_h4_ps1_step_nr128,72,0,0,0,0,0,0,0,0,0,0,0,0,0,0,0,0,0/32,187910,72,4901,68.0694427,0.0186099727,0.018248098,0.000361875369,44,44,28,28,0,0
para_sec_h4_ps1_step_nr256,72,0,0,0,0,0,0,0,0,0,0,0,0,0,0,0,0,0/32,187910,72,4901,68.0694427,0.0186099727,0.018248098,0.000361875369,44,44,28,28,0,0
para_sec_h4_ps1_step_nr64,72,2,0,0,4,0,4,0,0,0,0,0,0,4,4,4,0,0/32,187910,72,4901,68.0694427,0.0186099727,0.018248098,0.000361875369,44,44,28,28,0,0
para_sec_h4_ps2_linear_nr1024,72,0,0,0,0,0,0,0,0,0,0,0,0,0,0,0,0,0/32,187910,72,4901,68.0694427,0.0186099727,0.018248098,0.000361875369,44,44,28,28,0,0
para_sec_h4_ps2_linear_nr128,72,0,0,0,0,0,0,0,0,0,0,0,0,0,0,0,0,0/32,187910,72,4901,68.0694427,0.0186099727,0.018248098,0.000361875369,44,44,28,28,0,0
para_sec_h4_ps2_linear_nr256,72,0,0,0,0,0,0,0,0,0,0,0,0,0,0,0,0,0/32,187910,72,4901,68.0694427,0.0186099727,0.018248098,0.000361875369,44,44,28,28,0,0
para_sec_h4_ps2_linear_nr64,72,2,0,0,0,0,0,0,0,0,0,0,0,0,0,4,0,0/32,187910,72,4901,68.0694427,0.0186099727,0.018248098,0.000361875369,44,44,28,28,0,0
para_sec_h4_ps2_sigmoid_nr1024,72,0,0,0,0,0,0,0,0,0,0,0,0,0,0,0,0,0/32,187910,72,4901,68.0694427,0.0186099727,0.018248098,0.000361875369,44,44,28,28,0,0
para_sec_h4_ps2_sigmoid_nr128,72,0,0,0,0,0,0,0,0,0,0,0,0,0,0,0,0,0/32,187910,72,4901,68.0694427,0.0186099727,0.018248098,0.000361875369,44,44,28,28,0,0
para_sec_h4_ps2_sigmoid_nr256,72,0,0,0,0,0,0,0,0,0,0,0,0,0,0,0,0,0/32,187910,72,4901,68.0694427,0.0186099727,0.018248098,0.000361875369,44,44,28,28,0,0
para_sec_h4_ps2_sigmoid_nr64,72,2,0,0,0,0,0,0,0,0,0,0,0,0,0,4,0,0/32,187910,72,4901,68.0694427,0.0186099727,0.018248098,0.000361875369,44,44,28,28,0,0
para_sec_h4_ps2_step_nr1024,72,0,0,0,0,0,0,0,0,0,0,0,0,0,0,0,0,0/32,187910,72,4901,68.0694427,0.0186099727,0.018248098,0.000361875369,44,44,28,28,0,0
para_sec_h4_ps2_step_nr128,72,0,0,0,0,0,0,0,0,0,0,0,0,0,0,0,0,0/32,187910,72,4901,68.0694427,0.0186099727,0.018248098,0.000361875369,44,44,28,28,0,0
para_sec_h4_ps2_step_nr256,72,0,0,0,0,0,0,0,0,0,0,0,0,0,0,0,0,0/32,187910,72,4901,68.0694427,0.0186099727,0.018248098,0.000361875369,44,44,28,28,0,0
para_sec_h4_ps2_step_nr64,72,2,0,0,0,0,0,0,0,0,0,0,0,0,0,4,0,0/32,187910,72,4901,68.0694427,0.0186099727,0.018248098,0.000361875369,44,44,28,28,0,0
para_sec_h4_ps3_linear_nr1024,72,0,0,0,0,0,0,0,0,0,0,0,0,0,0,0,0,0/32,187910,72,4901,68.0694427,0.0186099727,0.018248098,0.000361875369,44,44,28,28,0,0
para_sec_h4_ps3_linear_nr128,72,0,0,0,0,0,0,0,0,0,0,0,0,0,0,0,0,0/32,187910,72,4901,68.0694427,0.0186099727,0.018248098,0.000361875369,44,44,28,28,0,0
para_sec_h4_ps3_linear_nr256,72,0,0,0,0,0,0,0,0,0,0,0,0,0,0,0,0,0/32,187910,72,4901,68.0694427,0.0186099727,0.018248098,0.000361875369,44,44,28,28,0,0
para_sec_h4_ps3_linear_nr64,72,2,0,0,0,0,0,0,0,0,0,0,0,0,0,4,0,0/32,187910,72,4901,68.0694427,0.0186099727,0.018248098,0.000361875369,44,44,28,28,0,0
para_sec_h4_ps3_sigmoid_nr1024,72,0,0,0,0,0,0,0,0,0,0,0,0,0,0,0,0,0/32,187910,72,4901,68.0694427,0.0186099727,0.018248098,0.000361875369,44,44,28,28,0,0
para_sec_h4_ps3_sigmoid_nr128,72,0,0,0,0,0,0,0,0,0,0,0,0,0,0,0,0,0/32,187910,72,4901,68.0694427,0.0186099727,0.018248098,0.000361875369,44,44,28,28,0,0
para_sec_h4_ps3_sigmoid_nr256,72,0,0,0,0,0,0,0,0,0,0,0,0,0,0,0,0,0/32,187910,72,4901,68.0694427,0.0186099727,0.018248098,0.000361875369,44,44,28,28,0,0
para_sec_h4_ps3_sigmoid_nr64,72,2,0,0,0,0,0,0,0,0,0,0,0,0,0,4,0,0/32,187910,72,4901,68.0694427,0.0186099727,0.018248098,0.000361875369,44,44,28,28,0,0
para_sec_h4_ps3_step_nr1024,72,0,0,0,0,0,0,0,0,0,0,0,0,0,0,0,0,0/32,187910,72,4901,68.0694427,0.0186099727,0.018248098,0.000361875369,44,44,28,28,0,0
para_sec_h4_ps3_step_nr128,72,0,0,0,0,0,0,0,0,0,0,0,0,0,0,0,0,0/32,187910,72,4901,68.0694427,0.0186099727,0.018248098,0.000361875369,44,44,28,28,0,0
para_sec_h4_ps3_step_nr256,72,0,0,0,0,0,0,0,0,0,0,0,0,0,0,0,0,0/32,187910,72,4901,68.0694427,0.0186099727,0.018248098,0.000361875369,44,44,28,28,0,0
para_sec_h4_ps3_step_nr64,72,2,0,0,0,0,0,0,0,0,0,0,0,0,0,4,0,0/32,187910,72,4901,68.0694427,0.0186099727,0.018248098,0.000361875369,44,44,28,28,0,0
para_uniform_h1_ps1_linear_nr1024,76,76,0,4,27,0,27,0,0,0,4,0,0,148,27,152,4,0/32,188231,72,10032,139.333328,0.0485892333,0.0451254062,0.00346382894,41,41,31,31,0,0
para_uniform_h1_ps1_linear_nr128,76,76,0,4,36,0,36,0,0,0,4,0,0,146,36,150,4,0/32,188233,72,10064,139.777771,0.0487215295,0.0452577397,0.00346379215,41,41,31,31,0,0
para_uniform_h1_ps1_linear_nr256,76,76,0,4,30,0,30,0,0,0,4,0,0,148,30,152,4,0/32,188231,72,10032,139.333328,0.0485892333,0.0451254062,0.00346382894,41,41,31,31,0,0
para_uniform_h1_ps1_linear_nr64,76,76,0,4,39,4,35,0,0,0,4,0,0,145,39,149,4,0/32,188225,72,9983,138.652771,0.0480648167,0.0446008779,0.00346393953,40,40,32,32,0,0
para_uniform_h1_ps1_sigmoid_nr1024,76,76,0,4,6,0,6,0,0,0,4,0,0,148,6,152,4,0/32,188231,72,10032,139.333328,0.0485892333,0.0451254062,0.00346382894,41,41,31,31,0,0
para_uniform_h1_ps1_sigmoid_nr128,76,76,0,4,16,0,16,0,0,0,4,0,0,146,16,150,4,0/32,188233,72,10064,139.777771,0.0487215295,0.0452577397,0.00346379215,41,41,31,31,0,0
para_uniform_h1_ps1_sigmoid_nr256,76,76,0,4,8,0,8,0,0,0,4,0,0,148,8,152,4,0/32,188231,72,10032,139.333328,0.0485892333,0.0451254062,0.00346382894,41,41,31,31,0,0
para_uniform_h1_ps1_sigmoid_nr64,76,76,0,4,18,2,16,0,0,0,4,0,0,145,18,149,4,0/32,188225,72,9983,138.652771,0.0480648167,0.0446008779,0.00346393953,40,40,32,32,0,0
para_uniform_h1_ps1_step_nr1024,76,76,0,4,148,9,139,0,0,0,4,0,0,148,148,152,4,0/32,188231,72,10032,139.333328,0.0485892333,0.0451254062,0.00346382894,41,41,31,31,0,0
para_uniform_h1_ps1_step_nr128,76,76,0,4,146,9,137,0,0,0,4,0,0,146,146,150,4,0/32,188233,72,10064,139.777771,0.0487215295,0.0452577397,0.00346379215,41,41,31,31,0,0
para_uniform_h1_ps1_step_nr256,76,76,0,4,148,9,139,0,0,0,4,0,0,148,148,152,4,0/32,188231,72,10032,139.333328,0.0485892333,0.0451254062,0.00346382894,41,41,31,31,0,0
para_uniform_h1_ps1_step_nr64,76,76,0,4,145,9,136,0,0,0,4,0,0,145,145,149,4,0/32,188225,72,9983,138.652771,0.0480648167,0.0446008779,0.00346393953,40,40,32,32,0,0
para_uniform_h1_ps2_linear_nr1024,78,78,0,6,0,0,0,0,0,0,6,0,0,4,0,156,6,0/32,188363,72,12455,172.986115,0.0629900768,0.0579784773,0.00501159998,41,41,31,31,0,0
para_uniform_h1_ps2_linear_nr128,76,76,0,4,13,0,13,0,0,0,4,0,0,53,13,150,4,0/32,188215,72,9978,138.583328,0.0478867255,0.0444226004,0.00346412347,42,42,30,30,0,0
para_uniform_h1_ps2_linear_nr256,78,78,0,6,4,0,4,0,0,0,6,0,0,27,4,156,6,0/32,188374,72,12265,170.347229,0.0616592541,0.0566054769,0.00505377585,39,39,33,33,0,0
para_uniform_h1_ps2_linear_nr64,76,76,0,4,18,2,16,0,0,0,4,0,0,79,18,149,4,0/32,188236,72,10115,140.486115,0.0486782566,0.0452145189,0.00346373697,40,40,32,32,0,0
para_uniform_h1_ps2_sigmoid_nr1024,78,78,0,6,0,0,0,0,0,0,6,0,0,4,0,156,6,0/32,188363,72,12455,172.986115,0.0629900768,0.0579784773,0.00501159998,41,41,31,31,0,0
para_uniform_h1_ps2_sigmoid_nr128,76,76,0,4,10,1,9,0,0,0,4,0,0,56,10,150,4,0/32,188218,72,10026,139.25,0.0481834896,0.0446769185,0.00350657222,42,42,30,30,0,0
para_uniform_h1_ps2_sigmoid_nr256,78,78,0,6,2,0,2,0,0,0,6,0,0,28,2,156,6,0/32,188374,72,12265,170.347229,0.0616592541,0.0566054769,0.00505377585,39,39,33,33,0,0
para_uniform_h1_ps2_sigmoid_nr64,76,76,0,4,14,1,13,0,0,0,4,0,0,79,14,149,4,0/32,188236,72,10115,140.486115,0.0486782566,0.0452145189,0.00346373697,40,40,32,32,0,0
para_uniform_h1_ps2_step_nr1024,78,78,0,6,4,0,4,0,0,0,6,0,0,4,4,156,6,0/32,188363,72,12455,172.986115,0.0629900768,0.0579784773,0.00501159998,41,41,31,31,0,0
para_uniform_h1_ps2_step_nr128,76,76,0,4,44,2,42,0,0,0,4,0,0,44,44,150,4,0/32,188225,72,9971,138.486115,0.0478841811,0.0444202423,0.00346393953,42,42,30,30,0,0
para_uniform_h1_ps2_step_nr256,78,78,0,6,26,1,25,0,0,0,6,0,0,26,26,156,6,0/32,188374,72,12265,170.347229,0.0616592541,0.0566054769,0.00505377585,39,39,33,33,0,0
para_uniform_h1_ps2_step_nr64,77,77,0,5,55,5,50,0,0,0,5,0,0,55,55,151,5,0/32,188258,72,11087,153.986115,0.0546324737,0.0503936075,0.00423886348,40,40,32,32,0,0
para_uniform_h1_ps3_linear_nr1024,78,78,0,6,0,0,0,0,0,0,6,0,0,0,0,156,6,0/32,188367,72,12368,171.777771,0.0626171231,0.0576056316,0.00501149334,40,40,32,32,0,0
para_uniform_h1_ps3_linear_nr128,78,78,0,6,4,0,4,0,0,0,6,0,0,18,4,154,6,0/32,188389,72,12290,170.694443,0.0619834475,0.0569725409,0.00501090847,41,41,31,31,0,0
para_uniform_h1_ps3_linear_nr256,78,78,0,6,0,0,0,0,0,0,6,0,0,3,0,156,6,0/32,188367,72,12368,171.777771,0.0626171231,0.0576056316,0.00501149334,40,40,32,32,0,0
para_uniform_h1_ps3_linear_nr64,77,77,0,5,9,0,9,0,0,1,4,0,0,39,9,151,5,0/32,188315,72,11215,155.763885,0.0553275086,0.0510474481,0.00428006286,41,41,31,31,0,0
para_uniform_h1_ps3_sigmoid_nr1024,78,78,0,6,0,0,0,0,0,0,6,0,0,0,0,156,6,0/32,188367,72,12368,171.777771,0.0626171231,0.0576056316,0.00501149334,40,40,32,32,0,0
para_uniform_h1_ps3_sigmoid_nr128,78,78,0,6,4,0,4,0,0,0,6,0,0,18,4,154,6,0/32,188389,72,12290,170.694443,0.0619834475,0.0569725409,0.00501090847,41,41,31,31,0,0
para_uniform_h1_ps3_sigmoid_nr256,78,78,0,6,1,0,1,0,0,0,6,0,0,3,1,156,6,0/32,188367,72,12368,171.777771,0.0626171231,0.0576056316,0.00501149334,40,40,32,32,0,0
para_uniform_h1_ps3_sigmoid_nr64,77,77,0,5,10,1,9,0,0,1,4,0,0,38,10,151,5,0/32,188315,72,11215,155.763885,0.0553275086,0.0510474481,0.00428006286,41,41,31,31,0,0
para_uniform_h1_ps3_step_nr1024,78,78,0,6,0,0,0,0,0,0,6,0,0,0,0,156,6,0/32,188367,72,12368,171.777771,0.0626171231,0.0576056316,0.00501149334,40,40,32,32,0,0
para_uniform_h1_ps3_step_nr128,78,78,0,6,16,1,15,0,0,0,6,0,0,16,16,154,6,0/32,188389,72,12290,170.694443,0.0619834475,0.0569725409,0.00501090847,41,41,31,31,0,0
para_uniform_h1_ps3_step_nr256,78,78,0,6,3,0,3,0,0,0,6,0,0,3,3,156,6,0/32,188367,72,12368,171.777771,0.0626171231,0.0576056316,0.00501149334,40,40,32,32,0,0
para_uniform_h1_ps3_step_nr64,78,78,0,6,27,2,25,0,0,0,6,0,0,27,27,153,6,0/32,188383,72,12255,170.208328,0.0617200062,0.0567089394,0.00501106773,40,40,32,32,0,0
para_uniform_h2_ps1_linear_nr1024,72,0,0,0,0,0,0,0,0,0,0,0,0,0,0,0,0,0/32,187910,72,4901,68.0694427,0.0186099727,0.018248098,0.000361875369,44,44,28,28,0,0
para_uniform_h2_ps1_linear_nr128,74,15,0,2,6,1,5,0,0,1,1,0,0,27,6,29,2,0/32,188039,72,7155,99.375,0.031668961,0.0297544654,0.00191449642,43,43,29,29,0,0
para_uniform_h2_ps1_linear_nr256,73,5,0,1,1,0,1,0,0,0,1,0,0,9,1,10,1,0/32,187978,72,6103,84.7638855,0.0254497863,0.0243113562,0.00113843114,43,43,29,29,0,0
para_uniform_h2_ps1_linear_nr64,74,19,0,2,9,0,9,0,0,0,2,0,0,35,9,37,2,0/32,188045,72,7524,104.5,0.0331569575,0.0312425215,0.00191443542,42,42,30,30,0,0
para_uniform_h2_ps1_sigmoid_nr1024,72,0,0,0,0,0,0,0,0,0,0,0,0,0,0,0,0,0/32,187910,72,4901,68.0694427,0.0186099727,0.018248098,0.000361875369,44,44,28,28,0,0
para_uniform_h2_ps1_sigmoid_nr128,74,15,0,2,1,0,1,0,0,1,1,0,0,27,1,29,2,0/32,188039,72,7155,99.375,0.031668961,0.0297544654,0.00191449642,43,43,29,29,0,0
para_uniform_h2_ps1_sigmoid_nr256,73,5,0,1,0,0,0,0,0,0,1,0,0,9,0,10,1,0/32,187978,72,6103,84.7638855,0.0254497863,0.0243113562,0.00113843114,43,43,29,29,0,0
para_uniform_h2_ps1_sigmoid_nr64,74,19,0,2,1,0,1,0,0,0,2,0,0,35,1,37,2,0/32,188045,72,7524,104.5,0.0331569575,0.0312425215,0.00191443542,42,42,30,30,0,0
para_uniform_h2_ps1_step_nr1024,72,0,0,0,0,0,0,0,0,0,0,0,0,0,0,0,0,0/32,187910,72,4901,68.0694427,0.0186099727,0.018248098,0.000361875369,44,44,28,28,0,0
para_uniform_h2_ps1_step_nr128,74,15,0,2,27,1,26,0,0,1,1,0,0,27,27,29,2,0/32,188039,72,7155,99.375,0.031668961,0.0297544654,0.00191449642,43,43,29,29,0,0
para_uniform_h2_ps1_step_nr256,73,5,0,1,9,1,8,0,0,0,1,0,0,9,9,10,1,0/32,187978,72,6103,84.7638855,0.0254497863,0.0243113562,0.00113843114,43,43,29,29,0,0
para_uniform_h2_ps1_step_nr64,74,19,0,2,35,2,33,0,0,0,2,0,0,35,35,37,2,0/32,188045,72,7524,104.5,0.0331569575,0.0312425215,0.00191443542,42,42,30,30,0,0
para_uniform_h2_ps2_linear_nr1024,72,0,0,0,0,0,0,0,0,0,0,0,0,0,0,0,0,0/32,187910,72,4901,68.0694427,0.0186099727,0.018248098,0.000361875369,44,44,28,28,0,0
para_uniform_h2_ps2_linear_nr128,75,15,0,3,0,0,0,0,0,0,3,0,0,2,0,29,3,0/32,188127,72,7263,100.875,0.0330255628,0.0303358901,0.0026896724,42,42,30,30,0,0
para_uniform_h2_ps2_linear_nr256,72,5,0,0,0,0,0,0,0,0,0,0,0,0,0,10,0,0/32,187910,72,4901,68.0694427,0.0186099727,0.018248098,0.000361875369,44,44,28,28,0,0
para_uniform_h2_ps2_linear_nr64,75,21,0,3,1,0,1,0,0,0,3,0,0,6,1,41,3,0/32,188135,72,8779,121.930557,0.0408058055,0.0381162465,0.00268955808,41,41,31,31,0,0
para_uniform_h2_ps2_sigmoid_nr1024,72,0,0,0,0,0,0,0,0,0,0,0,0,0,0,0,0,0/32,187910,72,4901,68.0694427,0.0186099727,0.018248098,0.000361875369,44,44,28,28,0,0
para_uniform_h2_ps2_sigmoid_nr128,75,15,0,3,0,0,0,0,0,0,3,0,0,2,0,29,3,0/32,188127,72,7263,100.875,0.0330255628,0.0303358901,0.0026896724,42,42,30,30,0,0
para_uniform_h2_ps2_sigmoid_nr256,72,5,0,0,0,0,0,0,0,0,0,0,0,0,0,10,0,0/32,187910,72,4901,68.0694427,0.0186099727,0.018248098,0.000361875369,44,44,28,28,0,0
para_uniform_h2_ps2_sigmoid_nr64,75,21,0,3,0,0,0,0,0,0,3,0,0,6,0,41,3,0/32,188135,72,8779,121.930557,0.0408058055,0.0381162465,0.00268955808,41,41,31,31,0,0
para_uniform_h2_ps2_step_nr1024,72,0,0,0,0,0,0,0,0,0,0,0,0,0,0,0,0,0/32,187910,72,4901,68.0694427,0.0186099727,0.018248098,0.000361875369,44,44,28,28,0,0
para_uniform_h2_ps2_step_nr128,75,15,0,3,2,1,1,0,0,0,3,0,0,2,2,29,3,0/32,188127,72,7263,100.875,0.0330255628,0.0303358901,0.0026896724,42,42,30,30,0,0
para_uniform_h2_ps2_step_nr256,72,5,0,0,0,0,0,0,0,0,0,0,0,0,0,10,0,0/32,187910,72,4901,68.0694427,0.0186099727,0.018248098,0.000361875369,44,44,28,28,0,0
para_uniform_h2_ps2_step_nr64,75,21,0,3,6,1,5,0,0,0,3,0,0,6,6,41,3,0/32,188135,72,8779,121.930557,0.0408058055,0.0381162465,0.00268955808,41,41,31,31,0,0
para_uniform_h2_ps3_linear_nr1024,72,0,0,0,0,0,0,0,0,0,0,0,0,0,0,0,0,0/32,187910,72,4901,68.0694427,0.0186099727,0.018248098,0.000361875369,44,44,28,28,0,0
para_uniform_h2_ps3_linear_nr128,75,15,0,3,0,0,0,0,0,0,3,0,0,0,0,29,3,0/32,188055,72,6884,95.6111145,0.0311717317,0.028481029,0.00269070221,43,43,29,29,0,0
para_uniform_h2_ps3_linear_nr256,72,5,0,0,0,0,0,0,0,0,0,0,0,0,0,10,0,0/32,187910,72,4901,68.0694427,0.0186099727,0.018248098,0.000361875369,44,44,28,28,0,0
para_uniform_h2_ps3_linear_nr64,75,21,0,3,0,0,0,0,0,0,3,0,0,0,0,41,3,0/32,188143,72,8757,121.625,0.0405914634,0.0379020199,0.00268944376,41,41,31,31,0,0
para_uniform_h2_ps3_sigmoid_nr1024,72,0,0,0,0,0,0,0,0,0,0,0,0,0,0,0,0,0/32,187910,72,4901,68.0694427,0.0186099727,0.018248098,0.000361875369,44,44,28,28,0,0
para_uniform_h2_ps3_sigmoid_nr128,75,15,0,3,0,0,0,0,0,0,3,0,0,0,0,29,3,0/32,188055,72,6884,95.6111145,0.0311717317,0.028481029,0.00269070221,43,43,29,29,0,0
para_uniform_h2_ps3_sigmoid_nr256,72,5,0,0,0,0,0,0,0,0,0,0,0,0,0,10,0,0/32,187910,72,4901,68.0694427,0.0186099727,0.018248098,0.000361875369,44,44,28,28,0,0
para_uniform_h2_ps3_sigmoid_nr64,75,21,0,3,0,0,0,0,0,0,3,0,0,0,0,41,3,0/32,188143,72,8757,121.625,0.0405914634,0.0379020199,0.00268944376,41,41,31,31,0,0
para_uniform_h2_ps3_step_nr1024,72,0,0,0,0,0,0,0,0,0,0,0,0,0,0,0,0,0/32,187910,72,4901,68.0694427,0.0186099727,0.018248098,0.000361875369,44,44,28,28,0,0
para_uniform_h2_ps3_step_nr128,75,15,0,3,0,0,0,0,0,0,3,0,0,0,0,29,3,0/32,188055,72,6884,95.6111145,0.0311717317,0.028481029,0.00269070221,43,43,29,29,0,0
para_uniform_h2_ps3_step_nr256,72,5,0,0,0,0,0,0,0,0,0,0,0,0,0,10,0,0/32,187910,72,4901,68.0694427,0.0186099727,0.018248098,0.000361875369,44,44,28,28,0,0
para_uniform_h2_ps3_step_nr64,75,21,0,3,0,0,0,0,0,0,3,0,0,0,0,41,3,0/32,188143,72,8757,121.625,0.0405914634,0.0379020199,0.00268944376,41,41,31,31,0,0
para_uniform_h4_ps1_linear_nr1024,72,0,0,0,0,0,0,0,0,0,0,0,0,0,0,0,0,0/32,187910,72,4901,68.0694427,0.0186099727,0.018248098,0.000361875369,44,44,28,28,0,0
para_uniform_h4_ps1_linear_nr128,72,0,0,0,0,0,0,0,0,0,0,0,0,0,0,0,0,0/32,187910,72,4901,68.0694427,0.0186099727,0.018248098,0.000361875369,44,44,28,28,0,0
para_uniform_h4_ps1_linear_nr256,72,0,0,0,0,0,0,0,0,0,0,0,0,0,0,0,0,0/32,187910,72,4901,68.0694427,0.0186099727,0.018248098,0.000361875369,44,44,28,28,0,0
para_uniform_h4_ps1_linear_nr64,72,2,0,0,0,0,0,0,0,0,0,0,0,4,0,4,0,0/32,187910,72,4901,68.0694427,0.0186099727,0.018248098,0.000361875369,44,44,28,28,0,0
para_uniform_h4_ps1_sigmoid_nr1024,72,0,0,0,0,0,0,0,0,0,0,0,0,0,0,0,0,0/32,187910,72,4901,68.0694427,0.0186099727,0.018248098,0.000361875369,44,44,28,28,0,0
para_uniform_h4_ps1_sigmoid_nr128,72,0,0,0,0,0,0,0,0,0,0,0,0,0,0,0,0,0/32,187910,72,4901,68.0694427,0.0186099727,0.018248098,0.000361875369,44,44,28,28,0,0
para_uniform_h4_ps1_sigmoid_nr256,72,0,0,0,0,0,0,0,0,0,0,0,0,0,0,0,0,0/32,187910,72,4901,68.0694427,0.0186099727,0.018248098,0.000361875369,44,44,28,28,0,0
para_uniform_h4_ps1_sigmoid_nr64,72,2,0,0,0,0,0,0,0,0,0,0,0,4,0,4,0,0/32,187910,72,4901,68.0694427,0.0186099727,0.018248098,0.000361875369,44,44,28,28,0,0
para_uniform_h4_ps1_step_nr1024,72,0,0,0,0,0,0,0,0,0,0,0,0,0,0,0,0,0/32,187910,72,4901,68.0694427,0.0186099727,0.018248098,0.000361875369,44,44,28,28,0,0
para_uniform_h4_ps1_step_nr128,72,0,0,0,0,0,0,0,0,0,0,0,0,0,0,0,0,0/32,187910,72,4901,68.0694427,0.0186099727,0.018248098,0.000361875369,44,44,28,28,0,0
para_uniform_h4_ps1_step_nr256,72,0,0,0,0,0,0,0,0,0,0,0,0,0,0,0,0,0/32,187910,72,4901,68.0694427,0.0186099727,0.018248098,0.000361875369,44,44,28,28,0,0
para_uniform_h4_ps1_step_nr64,72,2,0,0,4,0,4,0,0,0,0,0,0,4,4,4,0,0/32,187910,72,4901,68.0694427,0.0186099727,0.018248098,0.000361875369,44,44,28,28,0,0
para_uniform_h4_ps2_linear_nr1024,72,0,0,0,0,0,0,0,0,0,0,0,0,0,0,0,0,0/32,187910,72,4901,68.0694427,0.0186099727,0.018248098,0.000361875369,44,44,28,28,0,0
para_uniform_h4_ps2_linear_nr128,72,0,0,0,0,0,0,0,0,0,0,0,0,0,0,0,0,0/32,187910,72,4901,68.0694427,0.0186099727,0.018248098,0.000361875369,44,44,28,28,0,0
para_uniform_h4_ps2_linear_nr256,72,0,0,0,0,0,0,0,0,0,0,0,0,0,0,0,0,0/32,187910,72,4901,68.0694427,0.0186099727,0.018248098,0.000361875369,44,44,28,28,0,0
para_uniform_h4_ps2_linear_nr64,72,2,0,0,0,0,0,0,0,0,0,0,0,0,0,4,0,0/32,187910,72,4901,68.0694427,0.0186099727,0.018248098,0.000361875369,44,44,28,28,0,0
para_uniform_h4_ps2_sigmoid_nr1024,72,0,0,0,0,0,0,0,0,0,0,0,0,0,0,0,0,0/32,187910,72,4901,68.0694427,0.0186099727,0.018248098,0.000361875369,44,44,28,28,0,0
para_uniform_h4_ps2_sigmoid_nr128,72,0,0,0,0,0,0,0,0,0,0,0,0,0,0,0,0,0/32,187910,72,4901,68.0694427,0.0186099727,0.018248098,0.000361875369,44,44,28,28,0,0
para_uniform_h4_ps2_sigmoid_nr256,72,0,0,0,0,0,0,0,0,0,0,0,0,0,0,0,0,0/32,187910,72,4901,68.0694427,0.0186099727,0.018248098,0.000361875369,44,44,28,28,0,0
para_uniform_h4_ps2_sigmoid_nr64,72,2,0,0,0,0,0,0,0,0,0,0,0,0,0,4,0,0/32,187910,72,4901,68.0694427,0.0186099727,0.018248098,0.000361875369,44,44,28,28,0,0
para_uniform_h4_ps2_step_nr1024,72,0,0,0,0,0,0,0,0,0,0,0,0,0,0,0,0,0/32,187910,72,4901,68.0694427,0.0186099727,0.018248098,0.000361875369,44,44,28,28,0,0
para_uniform_h4_ps2_step_nr128,72,0,0,0,0,0,0,0,0,0,0,0,0,0,0,0,0,0/32,187910,72,4901,68.0694427,0.0186099727,0.018248098,0.000361875369,44,44,28,28,0,0
para_uniform_h4_ps2_step_nr256,72,0,0,0,0,0,0,0,0,0,0,0,0,0,0,0,0,0/32,187910,72,4901,68.0694427,0.0186099727,0.018248098,0.000361875369,44,44,28,28,0,0
para_uniform_h4_ps2_step_nr64,72,2,0,0,0,0,0,0,0,0,0,0,0,0,0,4,0,0/32,187910,72,4901,68.0694427,0.0186099727,0.018248098,0.000361875369,44,44,28,28,0,0
para_uniform_h4_ps3_linear_nr1024,72,0,0,0,0,0,0,0,0,0,0,0,0,0,0,0,0,0/32,187910,72,4901,68.0694427,0.0186099727,0.018248098,0.000361875369,44,44,28,28,0,0
para_uniform_h4_ps3_linear_nr128,72,0,0,0,0,0,0,0,0,0,0,0,0,0,0,0,0,0/32,187910,72,4901,68.0694427,0.0186099727,0.018248098,0.000361875369,44,44,28,28,0,0
para_uniform_h4_ps3_linear_nr256,72,0,0,0,0,0,0,0,0,0,0,0,0,0,0,0,0,0/32,187910,72,4901,68.0694427,0.0186099727,0.018248098,0.000361875369,44,44,28,28,0,0
para_uniform_h4_ps3_linear_nr64,72,2,0,0,0,0,0,0,0,0,0,0,0,0,0,4,0,0/32,187910,72,4901,68.0694427,0.0186099727,0.018248098,0.000361875369,44,44,28,28,0,0
para_uniform_h4_ps3_sigmoid_nr1024,72,0,0,0,0,0,0,0,0,0,0,0,0,0,0,0,0,0/32,187910,72,4901,68.0694427,0.0186099727,0.018248098,0.000361875369,44,44,28,28,0,0
para_uniform_h4_ps3_sigmoid_nr128,72,0,0,0,0,0,0,0,0,0,0,0,0,0,0,0,0,0/32,187910,72,4901,68.0694427,0.0186099727,0.018248098,0.000361875369,44,44,28,28,0,0
para_uniform_h4_ps3_sigmoid_nr256,72,0,0,0,0,0,0,0,0,0,0,0,0,0,0,0,0,0/32,187910,72,4901,68.0694427,0.0186099727,0.018248098,0.000361875369,44,44,28,28,0,0
para_uniform_h4_ps3_sigmoid_nr64,72,2,0,0,0,0,0,0,0,0,0,0,0,0,0,4,0,0/32,187910,72,4901,68.0694427,0.0186099727,0.018248098,0.000361875369,44,44,28,28,0,0
para_uniform_h4_ps3_step_nr1024,72,0,0,0,0,0,0,0,0,0,0,0,0,0,0,0,0,0/32,187910,72,4901,68.0694427,0.0186099727,0.018248098,0.000361875369,44,44,28,28,0,0
para_uniform_h4_ps3_step_nr128,72,0,0,0,0,0,0,0,0,0,0,0,0,0,0,0,0,0/32,187910,72,4901,68.0694427,0.0186099727,0.018248098,0.000361875369,44,44,28,28,0,0
para_uniform_h4_ps3_step_nr256,72,0,0,0,0,0,0,0,0,0,0,0,0,0,0,0,0,0/32,187910,72,4901,68.0694427,0.0186099727,0.018248098,0.000361875369,44,44,28,28,0,0
para_uniform_h4_ps3_step_nr64,72,2,0,0,0,0,0,0,0,0,0,0,0,0,0,4,0,0/32,187910,72,4901,68.0694427,0.0186099727,0.018248098,0.000361875369,44,44,28,28,0,0
trr_sec_h1_ps1_linear_nr1024,72,72,0,0,32,1,31,0,0,0,0,0,0,144,32,0,0,0/32,187910,72,4901,68.0694427,0.0186099727,0.018248098,0.000361875369,44,44,28,28,0,0
trr_sec_h1_ps1_linear_nr128,77,77,5,0,39,3,36,2,3,0,0,0,0,147,39,0,0,0/32,188168,72,7061,98.0694427,0.034091875,0.029850984,0.00424089096,42,42,30,30,0,0
trr_sec_h1_ps1_linear_nr256,73,73,1,0,36,2,34,1,0,0,0,0,0,145,36,0,0,0/32,187980,72,6133,85.1805573,0.025454836,0.0243164171,0.00113841903,43,43,29,29,0,0
trr_sec_h1_ps1_linear_nr64,78,78,6,0,45,2,43,3,3,0,0,0,0,147,45,0,0,0/32,188357,72,11525,160.069443,0.0585430861,0.0529579483,0.00558513869,43,43,29,29,0,0
trr_sec_h1_ps1_sigmoid_nr1024,72,72,0,0,10,1,9,0,0,0,0,0,0,144,10,0,0,0/32,187910,72,4901,68.0694427,0.0186099727,0.018248098,0.000361875369,44,44,28,28,0,0
trr_sec_h1_ps1_sigmoid_nr128,78,78,6,0,17,0,17,3,3,0,0,0,0,148,17,0,0,0/32,188276,72,9199,127.763885,0.045311138,0.0402972214,0.00501391571,42,42,30,30,0,0
trr_sec_h1_ps1_sigmoid_nr256,74,74,2,0,12,0,12,1,1,0,0,0,0,146,12,0,0,0/32,188035,72,6352,88.2222214,0.0274576545,0.0255431179,0.00191453716,42,42,30,30,0,0
trr_sec_h1_ps1_sigmoid_nr64,94,94,22,0,18,0,18,6,16,0,0,0,0,163,18,0,0,0/32,189252,72,19998,277.75,0.118830979,0.0976422951,0.0211886801,37,37,35,35,0,0
trr_sec_h1_ps1_step_nr1024,72,72,0,0,144,8,136,0,0,0,0,0,0,144,144,0,0,0/32,187910,72,4901,68.0694427,0.0186099727,0.018248098,0.000361875369,44,44,28,28,0,0
trr_sec_h1_ps1_step_nr128,72,72,0,0,142,8,134,0,0,0,0,0,0,142,142,0,0,0/32,187910,72,4901,68.0694427,0.0186099727,0.018248098,0.000361875369,44,44,28,28,0,0
trr_sec_h1_ps1_step_nr256,72,72,0,0,144,8,136,0,0,0,0,0,0,144,144,0,0,0/32,187910,72,4901,68.0694427,0.0186099727,0.018248098,0.000361875369,44,44,28,28,0,0
trr_sec_h1_ps1_step_nr64,72,72,0,0,141,8,133,0,0,0,0,0,0,141,141,0,0,0/32,187910,72,4901,68.0694427,0.0186099727,0.018248098,0.000361875369,44,44,28,28,0,0
trr_sec_h1_ps2_linear_nr1024,72,72,0,0,0,0,0,0,0,0,0,0,0,3,0,0,0,0/32,187910,72,4901,68.0694427,0.0186099727,0.018248098,0.000361875369,44,44,28,28,0,0
trr_sec_h1_ps2_linear_nr128,77,77,5,0,15,0,15,3,2,0,0,0,0,52,15,0,0,0/32,188231,72,7910,109.861115,0.0391168296,0.0337298326,0.00538699795,42,42,30,30,0,0
trr_sec_h1_ps2_linear_nr256,76,76,4,0,6,0,6,2,2,0,0,0,0,26,6,0,0,0/32,188145,72,6682,92.8055573,0.0313109569,0.0272821486,0.00402880739,42,42,30,30,0,0
trr_sec_h1_ps2_linear_nr64,87,87,15,0,23,0,23,6,9,0,0,0,0,76,23,0,0,0/32,188844,72,17115,237.708328,0.0961216688,0.0825866833,0.0135349808,38,38,34,34,0,0
trr_sec_h1_ps2_sigmoid_nr1024,72,72,0,0,0,0,0,0,0,0,0,0,0,3,0,0,0,0/32,187910,72,4901,68.0694427,0.0186099727,0.018248098,0.000361875369,44,44,28,28,0,0
trr_sec_h1_ps2_sigmoid_nr128,77,77,5,0,12,0,12,3,2,0,0,0,0,52,12,0,0,0/32,188231,72,7910,109.861115,0.0391168296,0.0337298326,0.00538699795,42,42,30,30,0,0
trr_sec_h1_ps2_sigmoid_nr256,76,76,4,0,6,0,6,2,2,0,0,0,0,26,6,0,0,0/32,188145,72,6682,92.8055573,0.0313109569,0.0272821486,0.00402880739,42,42,30,30,0,0
trr_sec_h1_ps2_sigmoid_nr64,88,88,16,0,15,0,15,6,10,0,0,0,0,76,15,0,0,0/32,188899,72,17390,241.527771,0.0994658545,0.0840184465,0.015447408,38,38,34,34,0,0
trr_sec_h1_ps2_step_nr1024,72,72,0,0,3,0,3,0,0,0,0,0,0,3,3,0,0,0/32,187910,72,4901,68.0694427,0.0186099727,0.018248098,0.000361875369,44,44,28,28,0,0
trr_sec_h1_ps2_step_nr128,74,74,2,0,44,0,44,2,0,0,0,0,0,44,44,0,0,0/32,188061,72,6739,93.5972214,0.0294478927,0.0275336187,0.00191427255,43,43,29,29,0,0
trr_sec_h1_ps2_step_nr256,73,73,1,0,26,0,26,1,0,0,0,0,0,26,26,0,0,0/32,187980,72,6133,85.1805573,0.025454836,0.0243164171,0.00113841903,43,43,29,29,0,0
trr_sec_h1_ps2_step_nr64,75,75,3,0,57,0,57,3,0,0,0,0,0,57,57,0,0,0/32,188121,72,8237,114.402779,0.0379915051,0.0353017487,0.00268975808,42,42,30,30,0,0
trr_sec_h1_ps3_linear_nr1024,72,72,0,0,0,0,0,0,0,0,0,0,0,0,0,0,0,0/32,187910,72,4901,68.0694427,0.0186099727,0.018248098,0.000361875369,44,44,28,28,0,0
trr_sec_h1_ps3_linear_nr128,79,79,7,0,3,0,3,3,4,0,0,0,0,14,3,0,0,0/32,188331,72,9969,138.458328,0.0501616821,0.0443740003,0.00578768225,42,42,30,30,0,0
trr_sec_h1_ps3_linear_nr256,76,76,4,0,0,0,0,2,2,0,0,0,0,3,0,0,0,0/32,188145,72,6682,92.8055573,0.0313109569,0.0272821486,0.00402880739,42,42,30,30,0,0
trr_sec_h1_ps3_linear_nr64,88,88,16,0,7,0,7,5,11,0,0,0,0,30,7,0,0,0/32,188965,72,18853,261.847229,0.104559049,0.0918371156,0.0127219325,41,41,31,31,0,0
trr_sec_h1_ps3_sigmoid_nr1024,72,72,0,0,0,0,0,0,0,0,0,0,0,0,0,0,0,0/32,187910,72,4901,68.0694427,0.0186099727,0.018248098,0.000361875369,44,44,28,28,0,0
trr_sec_h1_ps3_sigmoid_nr128,79,79,7,0,5,0,5,3,4,0,0,0,0,14,5,0,0,0/32,188331,72,9969,138.458328,0.0501616821,0.0443740003,0.00578768225,42,42,30,30,0,0
trr_sec_h1_ps3_sigmoid_nr256,76,76,4,0,0,0,0,2,2,0,0,0,0,3,0,0,0,0/32,188145,72,6682,92.8055573,0.0313109569,0.0272821486,0.00402880739,42,42,30,30,0,0
trr_sec_h1_ps3_sigmoid_nr64,85,85,13,0,9,0,9,3,10,0,0,0,0,26,9,0,0,0/32,188591,72,15027,208.708328,0.0836254135,0.0714721307,0.0121532837,42,42,30,30,0,0
trr_sec_h1_ps3_step_nr1024,72,72,0,0,0,0,0,0,0,0,0,0,0,0,0,0,0,0/32,187910,72,4901,68.0694427,0.0186099727,0.018248098,0.000361875369,44,44,28,28,0,0
trr_sec_h1_ps3_step_nr128,74,74,2,0,13,0,13,2,0,0,0,0,0,13,13,0,0,0/32,188061,72,6739,93.5972214,0.0294478927,0.0275336187,0.00191427255,43,43,29,29,0,0
trr_sec_h1_ps3_step_nr256,73,73,1,0,2,0,2,1,0,0,0,0,0,2,2,0,0,0/32,187980,72,6133,85.1805573,0.025454836,0.0243164171,0.00113841903,43,43,29,29,0,0
trr_sec_h1_ps3_step_nr64,75,75,3,0,22,0,22,3,0,0,0,0,0,22,22,0,0,0/32,188121,72,8237,114.402779,0.0379915051,0.0353017487,0.00268975808,42,42,30,30,0,0
trr_sec_h2_ps1_linear_nr1024,72,0,0,0,0,0,0,0,0,0,0,0,0,0,0,0,0,0/32,187910,72,4901,68.0694427,0.0186099727,0.018248098,0.000361875369,44,44,28,28,0,0
trr_sec_h2_ps1_linear_nr128,72,14,0,0,6,0,6,0,0,0,0,0,0,27,6,0,0,0/32,187910,72,4901,68.0694427,0.0186099727,0.018248098,0.000361875369,44,44,28,28,0,0
trr_sec_h2_ps1_linear_nr256,72,5,0,0,1,0,1,0,0,0,0,0,0,10,1,0,0,0/32,187910,72,4901,68.0694427,0.0186099727,0.018248098,0.000361875369,44,44,28,28,0,0
trr_sec_h2_ps1_linear_nr64,72,19,0,0,8,1,7,0,0,0,0,0,0,37,8,0,0,0/32,187910,72,4901,68.0694427,0.0186099727,0.018248098,0.000361875369,44,44,28,28,0,0
trr_sec_h2_ps1_sigmoid_nr1024,72,0,0,0,0,0,0,0,0,0,0,0,0,0,0,0,0,0/32,187910,72,4901,68.0694427,0.0186099727,0.018248098,0.000361875369,44,44,28,28,0,0
trr_sec_h2_ps1_sigmoid_nr128,72,14,0,0,5,0,5,0,0,0,0,0,0,27,5,0,0,0/32,187910,72,4901,68.0694427,0.0186099727,0.018248098,0.000361875369,44,44,28,28,0,0
trr_sec_h2_ps1_sigmoid_nr256,72,5,0,0,1,0,1,0,0,0,0,0,0,10,1,0,0,0/32,187910,72,4901,68.0694427,0.0186099727,0.018248098,0.000361875369,44,44,28,28,0,0
trr_sec_h2_ps1_sigmoid_nr64,72,19,0,0,6,0,6,0,0,0,0,0,0,37,6,0,0,0/32,187910,72,4901,68.0694427,0.0186099727,0.018248098,0.000361875369,44,44,28,28,0,0
trr_sec_h2_ps1_step_nr1024,72,0,0,0,0,0,0,0,0,0,0,0,0,0,0,0,0,0/32,187910,72,4901,68.0694427,0.0186099727,0.018248098,0.000361875369,44,44,28,28,0,0
trr_sec_h2_ps1_step_nr128,72,14,0,0,27,2,25,0,0,0,0,0,0,27,27,0,0,0/32,187910,72,4901,68.0694427,0.0186099727,0.018248098,0.000361875369,44,44,28,28,0,0
trr_sec_h2_ps1_step_nr256,72,5,0,0,10,1,9,0,0,0,0,0,0,10,10,0,0,0/32,187910,72,4901,68.0694427,0.0186099727,0.018248098,0.000361875369,44,44,28,28,0,0
trr_sec_h2_ps1_step_nr64,72,19,0,0,37,2,35,0,0,0,0,0,0,37,37,0,0,0/32,187910,72,4901,68.0694427,0.0186099727,0.018248098,0.000361875369,44,44,28,28,0,0
trr_sec_h2_ps2_linear_nr1024,72,0,0,0,0,0,0,0,0,0,0,0,0,0,0,0,0,0/32,187910,72,4901,68.0694427,0.0186099727,0.018248098,0.000361875369,44,44,28,28,0,0
trr_sec_h2_ps2_linear_nr128,72,14,0,0,0,0,0,0,0,0,0,0,0,0,0,0,0,0/32,187910,72,4901,68.0694427,0.0186099727,0.018248098,0.000361875369,44,44,28,28,0,0
trr_sec_h2_ps2_linear_nr256,72,5,0,0,0,0,0,0,0,0,0,0,0,0,0,0,0,0/32,187910,72,4901,68.0694427,0.0186099727,0.018248098,0.000361875369,44,44,28,28,0,0
trr_sec_h2_ps2_linear_nr64,72,19,0,0,0,0,0,0,0,0,0,0,0,5,0,0,0,0/32,187910,72,4901,68.0694427,0.0186099727,0.018248098,0.000361875369,44,44,28,28,0,0
trr_sec_h2_ps2_sigmoid_nr1024,72,0,0,0,0,0,0,0,0,0,0,0,0,0,0,0,0,0/32,187910,72,4901,68.0694427,0.0186099727,0.018248098,0.000361875369,44,44,28,28,0,0
trr_sec_h2_ps2_sigmoid_nr128,72,14,0,0,0,0,0,0,0,0,0,0,0,0,0,0,0,0/32,187910,72,4901,68.0694427,0.0186099727,0.018248098,0.000361875369,44,44,28,28,0,0
trr_sec_h2_ps2_sigmoid_nr256,72,5,0,0,0,0,0,0,0,0,0,0,0,0,0,0,0,0/32,187910,72,4901,68.0694427,0.0186099727,0.018248098,0.000361875369,44,44,28,28,0,0
trr_sec_h2_ps2_sigmoid_nr64,72,19,0,0,0,0,0,0,0,0,0,0,0,5,0,0,0,0/32,187910,72,4901,68.0694427,0.0186099727,0.018248098,0.000361875369,44,44,28,28,0,0
trr_sec_h2_ps2_step_nr1024,72,0,0,0,0,0,0,0,0,0,0,0,0,0,0,0,0,0/32,187910,72,4901,68.0694427,0.0186099727,0.018248098,0.000361875369,44,44,28,28,0,0
trr_sec_h2_ps2_step_nr128,72,14,0,0,0,0,0,0,0,0,0,0,0,0,0,0,0,0/32,187910,72,4901,68.0694427,0.0186099727,0.018248098,0.000361875369,44,44,28,28,0,0
trr_sec_h2_ps2_step_nr256,72,5,0,0,0,0,0,0,0,0,0,0,0,0,0,0,0,0/32,187910,72,4901,68.0694427,0.0186099727,0.018248098,0.000361875369,44,44,28,28,0,0
trr_sec_h2_ps2_step_nr64,72,19,0,0,5,0,5,0,0,0,0,0,0,5,5,0,0,0/32,187910,72,4901,68.0694427,0.0186099727,0.018248098,0.000361875369,44,44,28,28,0,0
trr_sec_h2_ps3_linear_nr1024,72,0,0,0,0,0,0,0,0,0,0,0,0,0,0,0,0,0/32,187910,72,4901,68.0694427,0.0186099727,0.018248098,0.000361875369,44,44,28,28,0,0
trr_sec_h2_ps3_linear_nr128,72,14,0,0,0,0,0,0,0,0,0,0,0,0,0,0,0,0/32,187910,72,4901,68.0694427,0.0186099727,0.018248098,0.000361875369,44,44,28,28,0,0
trr_sec_h2_ps3_linear_nr256,72,5,0,0,0,0,0,0,0,0,0,0,0,0,0,0,0,0/32,187910,72,4901,68.0694427,0.0186099727,0.018248098,0.000361875369,44,44,28,28,0,0
trr_sec_h2_ps3_linear_nr64,72,19,0,0,0,0,0,0,0,0,0,0,0,0,0,0,0,0/32,187910,72,4901,68.0694427,0.0186099727,0.018248098,0.000361875369,44,44,28,28,0,0
trr_sec_h2_ps3_sigmoid_nr1024,72,0,0,0,0,0,0,0,0,0,0,0,0,0,0,0,0,0/32,187910,72,4901,68.0694427,0.0186099727,0.018248098,0.000361875369,44,44,28,28,0,0
trr_sec_h2_ps3_sigmoid_nr128,72,14,0,0,0,0,0,0,0,0,0,0,0,0,0,0,0,0/32,187910,72,4901,68.0694427,0.0186099727,0.018248098,0.000361875369,44,44,28,28,0,0
trr_sec_h2_ps3_sigmoid_nr256,72,5,0,0,0,0,0,0,0,0,0,0,0,0,0,0,0,0/32,187910,72,4901,68.0694427,0.0186099727,0.018248098,0.000361875369,44,44,28,28,0,0
trr_sec_h2_ps3_sigmoid_nr64,72,19,0,0,0,0,0,0,0,0,0,0,0,0,0,0,0,0/32,187910,72,4901,68.0694427,0.0186099727,0.018248098,0.000361875369,44,44,28,28,0,0
trr_sec_h2_ps3_step_nr1024,72,0,0,0,0,0,0,0,0,0,0,0,0,0,0,0,0,0/32,187910,72,4901,68.0694427,0.0186099727,0.018248098,0.000361875369,44,44,28,28,0,0
trr_sec_h2_ps3_step_nr128,72,14,0,0,0,0,0,0,0,0,0,0,0,0,0,0,0,0/32,187910,72,4901,68.0694427,0.0186099727,0.018248098,0.000361875369,44,44,28,28,0,0
trr_sec_h2_ps3_step_nr256,72,5,0,0,0,0,0,0,0,0,0,0,0,0,0,0,0,0/32,187910,72,4901,68.0694427,0.0186099727,0.018248098,0.000361875369,44,44,28,28,0,0
trr_sec_h2_ps3_step_nr64,72,19,0,0,0,0,0,0,0,0,0,0,0,0,0,0,0,0/32,187910,72,4901,68.0694427,0.0186099727,0.018248098,0.000361875369,44,44,28,28,0,0
trr_sec_h4_ps1_linear_nr1024,72,0,0,0,0,0,0,0,0,0,0,0,0,0,0,0,0,0/32,187910,72,4901,68.0694427,0.0186099727,0.018248098,0.000361875369,44,44,28,28,0,0
trr_sec_h4_ps1_linear_nr128,72,0,0,0,0,0,0,0,0,0,0,0,0,0,0,0,0,0/32,187910,72,4901,68.0694427,0.0186099727,0.018248098,0.000361875369,44,44,28,28,0,0
trr_sec_h4_ps1_linear_nr256,72,0,0,0,0,0,0,0,0,0,0,0,0,0,0,0,0,0/32,187910,72,4901,68.0694427,0.0186099727,0.018248098,0.000361875369,44,44,28,28,0,0
trr_sec_h4_ps1_linear_nr64,72,2,0,0,0,0,0,0,0,0,0,0,0,4,0,0,0,0/32,187910,72,4901,68.0694427,0.0186099727,0.018248098,0.000361875369,44,44,28,28,0,0
trr_sec_h4_ps1_sigmoid_nr1024,72,0,0,0,0,0,0,0,0,0,0,0,0,0,0,0,0,0/32,187910,72,4901,68.0694427,0.0186099727,0.018248098,0.000361875369,44,44,28,28,0,0
trr_sec_h4_ps1_sigmoid_nr128,72,0,0,0,0,0,0,0,0,0,0,0,0,0,0,0,0,0/32,187910,72,4901,68.0694427,0.0186099727,0.018248098,0.000361875369,44,44,28,28,0,0
trr_sec_h4_ps1_sigmoid_nr256,72,0,0,0,0,0,0,0,0,0,0,0,0,0,0,0,0,0/32,187910,72,4901,68.0694427,0.0186099727,0.018248098,0.000361875369,44,44,28,28,0,0
trr_sec_h4_ps1_sigmoid_nr64,72,2,0,0,0,0,0,0,0,0,0,0,0,4,0,0,0,0/32,187910,72,4901,68.0694427,0.0186099727,0.018248098,0.000361875369,44,44,28,28,0,0
trr_sec_h4_ps1_step_nr1024,72,0,0,0,0,0,0,0,0,0,0,0,0,0,0,0,0,0/32,187910,72,4901,68.0694427,0.0186099727,0.018248098,0.000361875369,44,44,28,28,0,0
trr_sec_h4_ps1_step_nr128,72,0,0,0,0,0,0,0,0,0,0,0,0,0,0,0,0,0/32,187910,72,4901,68.0694427,0.0186099727,0.018248098,0.000361875369,44,44,28,28,0,0
trr_sec_h4_ps1_step_nr256,72,0,0,0,0,0,0,0,0,0,0,0,0,0,0,0,0,0/32,187910,72,4901,68.0694427,0.0186099727,0.018248098,0.000361875369,44,44,28,28,0,0
trr_sec_h4_ps1_step_nr64,72,2,0,0,4,0,4,0,0,0,0,0,0,4,4,0,0,0/32,187910,72,4901,68.0694427,0.0186099727,0.018248098,0.000361875369,44,44,28,28,0,0
trr_sec_h4_ps2_linear_nr1024,72,0,0,0,0,0,0,0,0,0,0,0,0,0,0,0,0,0/32,187910,72,4901,68.0694427,0.0186099727,0.018248098,0.000361875369,44,44,28,28,0,0
trr_sec_h4_ps2_linear_nr128,72,0,0,0,0,0,0,0,0,0,0,0,0,0,0,0,0,0/32,187910,72,4901,68.0694427,0.0186099727,0.018248098,0.000361875369,44,44,28,28,0,0
trr_sec_h4_ps2_linear_nr256,72,0,0,0,0,0,0,0,0,0,0,0,0,0,0,0,0,0/32,187910,72,4901,68.0694427,0.0186099727,0.018248098,0.000361875369,44,44,28,28,0,0
trr_sec_h4_ps2_linear_nr64,72,2,0,0,0,0,0,0,0,0,0,0,0,0,0,0,0,0/32,187910,72,4901,68.0694427,0.0186099727,0.018248098,0.000361875369,44,44,28,28,0,0
trr_sec_h4_ps2_sigmoid_nr1024,72,0,0,0,0,0,0,0,0,0,0,0,0,0,0,0,0,0/32,187910,72,4901,68.0694427,0.0186099727,0.018248098,0.000361875369,44,44,28,28,0,0
trr_sec_h4_ps2_sigmoid_nr128,72,0,0,0,0,0,0,0,0,0,0,0,0,0,0,0,0,0/32,187910,72,4901,68.0694427,0.0186099727,0.018248098,0.000361875369,44,44,28,28,0,0
trr_sec_h4_ps2_sigmoid_nr256,72,0,0,0,0,0,0,0,0,0,0,0,0,0,0,0,0,0/32,187910,72,4901,68.0694427,0.0186099727,0.018248098,0.000361875369,44,44,28,28,0,0
trr_sec_h4_ps2_sigmoid_nr64,72,2,0,0,0,0,0,0,0,0,0,0,0,0,0,0,0,0/32,187910,72,4901,68.0694427,0.0186099727,0.018248098,0.000361875369,44,44,28,28,0,0
trr_sec_h4_ps2_step_nr1024,72,0,0,0,0,0,0,0,0,0,0,0,0,0,0,0,0,0/32,187910,72,4901,68.0694427,0.0186099727,0.018248098,0.000361875369,44,44,28,28,0,0
trr_sec_h4_ps2_step_nr128,72,0,0,0,0,0,0,0,0,0,0,0,0,0,0,0,0,0/32,187910,72,4901,68.0694427,0.0186099727,0.018248098,0.000361875369,44,44,28,28,0,0
trr_sec_h4_ps2_step_nr256,72,0,0,0,0,0,0,0,0,0,0,0,0,0,0,0,0,0/32,187910,72,4901,68.0694427,0.0186099727,0.018248098,0.000361875369,44,44,28,28,0,0
trr_sec_h4_ps2_step_nr64,72,2,0,0,0,0,0,0,0,0,0,0,0,0,0,0,0,0/32,187910,72,4901,68.0694427,0.0186099727,0.018248098,0.000361875369,44,44,28,28,0,0
trr_sec_h4_ps3_linear_nr1024,72,0,0,0,0,0,0,0,0,0,0,0,0,0,0,0,0,0/32,187910,72,4901,68.0694427,0.0186099727,0.018248098,0.000361875369,44,44,28,28,0,0
trr_sec_h4_ps3_linear_nr128,72,0,0,0,0,0,0,0,0,0,0,0,0,0,0,0,0,0/32,187910,72,4901,68.0694427,0.0186099727,0.018248098,0.000361875369,44,44,28,28,0,0
trr_sec_h4_ps3_linear_nr256,72,0,0,0,0,0,0,0,0,0,0,0,0,0,0,0,0,0/32,187910,72,4901,68.0694427,0.0186099727,0.018248098,0.000361875369,44,44,28,28,0,0
trr_sec_h4_ps3_linear_nr64,72,2,0,0,0,0,0,0,0,0,0,0,0,0,0,0,0,0/32,187910,72,4901,68.0694427,0.0186099727,0.018248098,0.000361875369,44,44,28,28,0,0
trr_sec_h4_ps3_sigmoid_nr1024,72,0,0,0,0,0,0,0,0,0,0,0,0,0,0,0,0,0/32,187910,72,4901,68.0694427,0.0186099727,0.018248098,0.000361875369,44,44,28,28,0,0
trr_sec_h4_ps3_sigmoid_nr128,72,0,0,0,0,0,0,0,0,0,0,0,0,0,0,0,0,0/32,187910,72,4901,68.0694427,0.0186099727,0.018248098,0.000361875369,44,44,28,28,0,0
trr_sec_h4_ps3_sigmoid_nr256,72,0,0,0,0,0,0,0,0,0,0,0,0,0,0,0,0,0/32,187910,72,4901,68.0694427,0.0186099727,0.018248098,0.000361875369,44,44,28,28,0,0
trr_sec_h4_ps3_sigmoid_nr64,72,2,0,0,0,0,0,0,0,0,0,0,0,0,0,0,0,0/32,187910,72,4901,68.0694427,0.0186099727,0.018248098,0.000361875369,44,44,28,28,0,0
trr_sec_h4_ps3_step_nr1024,72,0,0,0,0,0,0,0,0,0,0,0,0,0,0,0,0,0/32,187910,72,4901,68.0694427,0.0186099727,0.018248098,0.000361875369,44,44,28,28,0,0
trr_sec_h4_ps3_step_nr128,72,0,0,0,0,0,0,0,0,0,0,0,0,0,0,0,0,0/32,187910,72,4901,68.0694427,0.0186099727,0.018248098,0.000361875369,44,44,28,28,0,0
trr_sec_h4_ps3_step_nr256,72,0,0,0,0,0,0,0,0,0,0,0,0,0,0,0,0,0/32,187910,72,4901,68.0694427,0.0186099727,0.018248098,0.000361875369,44,44,28,28,0,0
trr_sec_h4_ps3_step_nr64,72,2,0,0,0,0,0,0,0,0,0,0,0,0,0,0,0,0/32,187910,72,4901,68.0694427,0.0186099727,0.018248098,0.000361875369,44,44,28,28,0,0
trr_uniform_h1_ps1_linear_nr1024,72,72,0,0,32,1,31,0,0,0,0,0,0,144,32,0,0,0/32,187910,72,4901,68.0694427,0.0186099727,0.018248098,0.000361875369,44,44,28,28,0,0
trr_uniform_h1_ps1_linear_nr128,82,82,10,0,41,3,38,2,8,0,0,0,0,152,41,0,0,0/32,188449,72,9412,130.722229,0.0506131649,0.0419423841,0.00867078081,42,42,30,30,0,0
trr_uniform_h1_ps1_linear_nr256,74,74,2,0,35,1,34,1,1,0,0,0,0,146,35,0,0,0/32,188020,72,5011,69.5972214,0.0207371563,0.0188224651,0.0019146899,43,43,29,29,0,0
trr_uniform_h1_ps1_linear_nr64,94,94,22,0,45,5,40,0,22,0,0,0,0,163,45,0,0,0/32,189290,72,22263,309.208344,0.129129902,0.109530352,0.0195995569,37,37,35,35,0,0
trr_uniform_h1_ps1_sigmoid_nr1024,72,72,0,0,10,1,9,0,0,0,0,0,0,144,10,0,0,0/32,187910,72,4901,68.0694427,0.0186099727,0.018248098,0.000361875369,44,44,28,28,0,0
trr_uniform_h1_ps1_sigmoid_nr128,85,85,13,0,15,1,14,2,11,0,0,0,0,155,15,0,0,0/32,188600,72,12867,178.708328,0.0713891834,0.0598409325,0.01154825,42,42,30,30,0,0
trr_uniform_h1_ps1_sigmoid_nr256,75,75,3,0,13,1,12,1,2,0,0,0,0,147,13,0,0,0/32,188075,72,5066,70.3611145,0.0223634187,0.0191093981,0.00325402105,43,43,29,29,0,0
trr_uniform_h1_ps1_sigmoid_nr64,109,109,37,0,18,1,17,3,34,0,0,0,0,178,18,0,0,0/32,190333,72,36980,513.611084,0.222320884,0.186520472,0.0358004123,35,35,37,37,0,0
trr_uniform_h1_ps1_step_nr1024,72,72,0,0,144,8,136,0,0,0,0,0,0,144,144,0,0,0/32,187910,72,4901,68.0694427,0.0186099727,0.018248098,0.000361875369,44,44,28,28,0,0
trr_uniform_h1_ps1_step_nr128,72,72,0,0,142,8,134,0,0,0,0,0,0,142,142,0,0,0/32,187910,72,4901,68.0694427,0.0186099727,0.018248098,0.000361875369,44,44,28,28,0,0
trr_uniform_h1_ps1_step_nr256,72,72,0,0,144,8,136,0,0,0,0,0,0,144,144,0,0,0/32,187910,72,4901,68.0694427,0.0186099727,0.018248098,0.000361875369,44,44,28,28,0,0
trr_uniform_h1_ps1_step_nr64,72,72,0,0,141,8,133,0,0,0,0,0,0,141,141,0,0,0/32,187910,72,4901,68.0694427,0.0186099727,0.018248098,0.000361875369,44,44,28,28,0,0
trr_uniform_h1_ps2_linear_nr1024,72,72,0,0,0,0,0,0,0,0,0,0,0,3,0,0,0,0/32,187910,72,4901,68.0694427,0.0186099727,0.018248098,0.000361875369,44,44,28,28,0,0
trr_uniform_h1_ps2_linear_nr128,90,90,18,0,12,2,10,1,17,0,0,0,0,53,12,0,0,0/32,188921,72,14739,204.708328,0.0893442258,0.069918111,0.0194261093,41,41,31,31,0,0
trr_uniform_h1_ps2_linear_nr256,74,74,2,0,6,0,6,1,1,0,0,0,0,26,6,0,0,0/32,188020,72,5011,69.5972214,0.0207371563,0.0188224651,0.0019146899,43,43,29,29,0,0
trr_uniform_h1_ps2_linear_nr64,111,111,39,0,19,0,19,4,35,0,0,0,0,77,19,0,0,0/32,190492,72,37512,521,0.227647349,0.189262539,0.0383848138,34,34,38,38,0,0
trr_uniform_h1_ps2_sigmoid_nr1024,72,72,0,0,0,0,0,0,0,0,0,0,0,3,0,0,0,0/32,187910,72,4901,68.0694427,0.0186099727,0.018248098,0.000361875369,44,44,28,28,0,0
trr_uniform_h1_ps2_sigmoid_nr128,94,94,22,0,10,2,8,2,20,0,0,0,0,55,10,0,0,0/32,189038,72,15418,214.138885,0.103386618,0.0734667107,0.0299199112,41,41,31,31,0,0
trr_uniform_h1_ps2_sigmoid_nr256,74,74,2,0,6,0,6,1,1,0,0,0,0,26,6,0,0,0/32,188020,72,5011,69.5972214,0.0207371563,0.0188224651,0.0019146899,43,43,29,29,0,0
trr_uniform_h1_ps2_sigmoid_nr64,120,120,48,0,11,0,11,5,43,0,0,0,0,79,11,0,0,0/32,190643,72,38472,534.333313,0.244671986,0.194148228,0.0505237542,34,34,38,38,0,0
trr_uniform_h1_ps2_step_nr1024,72,72,0,0,3,0,3,0,0,0,0,0,0,3,3,0,0,0/32,187910,72,4901,68.0694427,0.0186099727,0.018248098,0.000361875369,44,44,28,28,0,0
trr_uniform_h1_ps2_step_nr128,72,72,0,0,43,2,41,0,0,0,0,0,0,43,43,0,0,0/32,187910,72,4901,68.0694427,0.0186099727,0.018248098,0.000361875369,44,44,28,28,0,0
trr_uniform_h1_ps2_step_nr256,72,72,0,0,25,1,24,0,0,0,0,0,0,25,25,0,0,0/32,187910,72,4901,68.0694427,0.0186099727,0.018248098,0.000361875369,44,44,28,28,0,0
trr_uniform_h1_ps2_step_nr64,72,72,0,0,57,3,54,0,0,0,0,0,0,57,57,0,0,0/32,187910,72,4901,68.0694427,0.0186099727,0.018248098,0.000361875369,44,44,28,28,0,0
trr_uniform_h1_ps3_linear_nr1024,72,72,0,0,0,0,0,0,0,0,0,0,0,0,0,0,0,0/32,187910,72,4901,68.0694427,0.0186099727,0.018248098,0.000361875369,44,44,28,28,0,0
trr_uniform_h1_ps3_linear_nr128,98,98,26,0,0,0,0,3,23,0,0,0,0,0,0,0,0,0/32,189408,72,22011,305.708344,0.135052368,0.107967988,0.0270843897,41,41,31,31,0,0
trr_uniform_h1_ps3_linear_nr256,76,76,4,0,0,0,0,1,3,0,0,0,0,0,0,0,0,0/32,188130,72,5121,71.125,0.0251581352,0.0193961617,0.00576197309,43,43,29,29,0,0
trr_uniform_h1_ps3_linear_nr64,132,132,60,0,0,0,0,5,55,0,0,0,0,0,0,0,0,0/32,191268,72,48064,667.555542,0.307484776,0.243543088,0.0639416948,31,31,41,41,0,0
trr_uniform_h1_ps3_sigmoid_nr1024,72,72,0,0,0,0,0,0,0,0,0,0,0,0,0,0,0,0/32,187910,72,4901,68.0694427,0.0186099727,0.018248098,0.000361875369,44,44,28,28,0,0
trr_uniform_h1_ps3_sigmoid_nr128,98,98,26,0,0,0,0,3,23,0,0,0,0,0,0,0,0,0/32,189408,72,22011,305.708344,0.135052368,0.107967988,0.0270843897,41,41,31,31,0,0
trr_uniform_h1_ps3_sigmoid_nr256,76,76,4,0,0,0,0,1,3,0,0,0,0,0,0,0,0,0/32,188130,72,5121,71.125,0.0251581352,0.0193961617,0.00576197309,43,43,29,29,0,0
trr_uniform_h1_ps3_sigmoid_nr64,132,132,60,0,0,0,0,5,55,0,0,0,0,0,0,0,0,0/32,191268,72,48064,667.555542,0.307484776,0.243543088,0.0639416948,31,31,41,41,0,0
trr_uniform_h1_ps3_step_nr1024,72,72,0,0,0,0,0,0,0,0,0,0,0,0,0,0,0,0/32,187910,72,4901,68.0694427,0.0186099727,0.018248098,0.000361875369,44,44,28,28,0,0
trr_uniform_h1_ps3_step_nr128,98,98,26,0,0,0,0,3,23,0,0,0,0,0,0,0,0,0/32,189408,72,22011,305.708344,0.135052368,0.107967988,0.0270843897,41,41,31,31,0,0
trr_uniform_h1_ps3_step_nr256,76,76,4,0,0,0,0,1,3,0,0,0,0,0,0,0,0,0/32,188130,72,5121,71.125,0.0251581352,0.0193961617,0.00576197309,43,43,29,29,0,0
trr_uniform_h1_ps3_step_nr64,132,132,60,0,0,0,0,5,55,0,0,0,0,0,0,0,0,0/32,191268,72,48064,667.555542,0.307484776,0.243543088,0.0639416948,31,31,41,41,0,0
trr_uniform_h2_ps1_linear_nr1024,72,0,0,0,0,0,0,0,0,0,0,0,0,0,0,0,0,0/32,187910,72,4901,68.0694427,0.0186099727,0.018248098,0.000361875369,44,44,28,28,0,0
trr_uniform_h2_ps1_linear_nr128,72,14,0,0,6,0,6,0,0,0,0,0,0,27,6,0,0,0/32,187910,72,4901,68.0694427,0.0186099727,0.018248098,0.000361875369,44,44,28,28,0,0
trr_uniform_h2_ps1_linear_nr256,72,5,0,0,1,0,1,0,0,0,0,0,0,10,1,0,0,0/32,187910,72,4901,68.0694427,0.0186099727,0.018248098,0.000361875369,44,44,28,28,0,0
trr_uniform_h2_ps1_linear_nr64,72,19,0,0,8,1,7,0,0,0,0,0,0,37,8,0,0,0/32,187910,72,4901,68.0694427,0.0186099727,0.018248098,0.000361875369,44,44,28,28,0,0
trr_uniform_h2_ps1_sigmoid_nr1024,72,0,0,0,0,0,0,0,0,0,0,0,0,0,0,0,0,0/32,187910,72,4901,68.0694427,0.0186099727,0.018248098,0.000361875369,44,44,28,28,0,0
trr_uniform_h2_ps1_sigmoid_nr128,72,14,0,0,5,0,5,0,0,0,0,0,0,27,5,0,0,0/32,187910,72,4901,68.0694427,0.0186099727,0.018248098,0.000361875369,44,44,28,28,0,0
trr_uniform_h2_ps1_sigmoid_nr256,72,5,0,0,1,0,1,0,0,0,0,0,0,10,1,0,0,0/32,187910,72,4901,68.0694427,0.0186099727,0.018248098,0.000361875369,44,44,28,28,0,0
trr_uniform_h2_ps1_sigmoid_nr64,72,19,0,0,6,0,6,0,0,0,0,0,0,37,6,0,0,0/32,187910,72,4901,68.0694427,0.0186099727,0.018248098,0.000361875369,44,44,28,28,0,0
trr_uniform_h2_ps1_step_nr1024,72,0,0,0,0,0,0,0,0,0,0,0,0,0,0,0,0,0/32,187910,72,4901,68.0694427,0.0186099727,0.018248098,0.000361875369,44,44,28,28,0,0
trr_uniform_h2_ps1_step_nr128,72,14,0,0,27,2,25,0,0,0,0,0,0,27,27,0,0,0/32,187910,72,4901,68.0694427,0.0186099727,0.018248098,0.000361875369,44,44,28,28,0,0
trr_uniform_h2_ps1_step_nr256,72,5,0,0,10,1,9,0,0,0,0,0,0,10,10,0,0,0/32,187910,72,4901,68.0694427,0.0186099727,0.018248098,0.000361875369,44,44,28,28,0,0
trr_uniform_h2_ps1_step_nr64,72,19,0,0,37,2,35,0,0,0,0,0,0,37,37,0,0,0/32,187910,72,4901,68.0694427,0.0186099727,0.018248098,0.000361875369,44,44,28,28,0,0
trr_uniform_h2_ps2_linear_nr1024,72,0,0,0,0,0,0,0,0,0,0,0,0,0,0,0,0,0/32,187910,72,4901,68.0694427,0.0186099727,0.018248098,0.000361875369,44,44,28,28,0,0
trr_uniform_h2_ps2_linear_nr128,72,14,0,0,0,0,0,0,0,0,0,0,0,0,0,0,0,0/32,187910,72,4901,68.0694427,0.0186099727,0.018248098,0.000361875369,44,44,28,28,0,0
trr_uniform_h2_ps2_linear_nr256,72,5,0,0,0,0,0,0,0,0,0,0,0,0,0,0,0,0/32,187910,72,4901,68.0694427,0.0186099727,0.018248098,0.000361875369,44,44,28,28,0,0
trr_uniform_h2_ps2_linear_nr64,72,19,0,0,0,0,0,0,0,0,0,0,0,5,0,0,0,0/32,187910,72,4901,68.0694427,0.0186099727,0.018248098,0.000361875369,44,44,28,28,0,0
trr_uniform_h2_ps2_sigmoid_nr1024,72,0,0,0,0,0,0,0,0,0,0,0,0,0,0,0,0,0/32,187910,72,4901,68.0694427,0.0186099727,0.018248098,0.000361875369,44,44,28,28,0,0
trr_uniform_h2_ps2_sigmoid_nr128,72,14,0,0,0,0,0,0,0,0,0,0,0,0,0,0,0,0/32,187910,72,4901,68.0694427,0.0186099727,0.018248098,0.000361875369,44,44,28,28,0,0
trr_uniform_h2_ps2_sigmoid_nr256,72,5,0,0,0,0,0,0,0,0,0,0,0,0,0,0,0,0/32,187910,72,4901,68.0694427,0.0186099727,0.018248098,0.000361875369,44,44,28,28,0,0
trr_uniform_h2_ps2_sigmoid_nr64,72,19,0,0,0,0,0,0,0,0,0,0,0,5,0,0,0,0/32,187910,72,4901,68.0694427,0.0186099727,0.018248098,0.000361875369,44,44,28,28,0,0
trr_uniform_h2_ps2_step_nr1024,72,0,0,0,0,0,0,0,0,0,0,0,0,0,0,0,0,0/32,187910,72,4901,68.0694427,0.0186099727,0.018248098,0.000361875369,44,44,28,28,0,0
trr_uniform_h2_ps2_step_nr128,72,14,0,0,0,0,0,0,0,0,0,0,0,0,0,0,0,0/32,187910,72,4901,68.0694427,0.0186099727,0.018248098,0.000361875369,44,44,28,28,0,0
trr_uniform_h2_ps2_step_nr256,72,5,0,0,0,0,0,0,0,0,0,0,0,0,0,0,0,0/32,187910,72,4901,68.0694427,0.0186099727,0.018248098,0.000361875369,44,44,28,28,0,0
trr_uniform_h2_ps2_step_nr64,72,19,0,0,5,0,5,0,0,0,0,0,0,5,5,0,0,0/32,187910,72,4901,68.0694427,0.0186099727,0.018248098,0.000361875369,44,44,28,28,0,0
trr_uniform_h2_ps3_linear_nr1024,72,0,0,0,0,0,0,0,0,0,0,0,0,0,0,0,0,0/32,187910,72,4901,68.0694427,0.0186099727,0.018248098,0.000361875369,44,44,28,28,0,0
trr_uniform_h2_ps3_linear_nr128,72,14,0,0,0,0,0,0,0,0,0,0,0,0,0,0,0,0/32,187910,72,4901,68.0694427,0.0186099727,0.018248098,0.000361875369,44,44,28,28,0,0
trr_uniform_h2_ps3_linear_nr256,72,5,0,0,0,0,0,0,0,0,0,0,0,0,0,0,0,0/32,187910,72,4901,68.0694427,0.0186099727,0.018248098,0.000361875369,44,44,28,28,0,0
trr_uniform_h2_ps3_linear_nr64,72,19,0,0,0,0,0,0,0,0,0,0,0,0,0,0,0,0/32,187910,72,4901,68.0694427,0.0186099727,0.018248098,0.000361875369,44,44,28,28,0,0
trr_uniform_h2_ps3_sigmoid_nr1024,72,0,0,0,0,0,0,0,0,0,0,0,0,0,0,0,0,0/32,187910,72,4901,68.0694427,0.0186099727,0.018248098,0.000361875369,44,44,28,28,0,0
trr_uniform_h2_ps3_sigmoid_nr128,72,14,0,0,0,0,0,0,0,0,0,0,0,0,0,0,0,0/32,187910,72,4901,68.0694427,0.0186099727,0.018248098,0.000361875369,44,44,28,28,0,0
trr_uniform_h2_ps3_sigmoid_nr256,72,5,0,0,0,0,0,0,0,0,0,0,0,0,0,0,0,0/32,187910,72,4901,68.0694427,0.0186099727,0.018248098,0.000361875369,44,44,28,28,0,0
trr_uniform_h2_ps3_sigmoid_nr64,72,19,0,0,0,0,0,0,0,0,0,0,0,0,0,0,0,0/32,187910,72,4901,68.0694427,0.0186099727,0.018248098,0.000361875369,44,44,28,28,0,0
trr_uniform_h2_ps3_step_nr1024,72,0,0,0,0,0,0,0,0,0,0,0,0,0,0,0,0,0/32,187910,72,4901,68.0694427,0.0186099727,0.018248098,0.000361875369,44,44,28,28,0,0
trr_uniform_h2_ps3_step_nr128,72,14,0,0,0,0,0,0,0,0,0,0,0,0,0,0,0,0/32,187910,72,4901,68.0694427,0.0186099727,0.018248098,0.000361875369,44,44,28,28,0,0
trr_uniform_h2_ps3_step_nr256,72,5,0,0,0,0,0,0,0,0,0,0,0,0,0,0,0,0/32,187910,72,4901,68.0694427,0.0186099727,0.018248098,0.000361875369,44,44,28,28,0,0
trr_uniform_h2_ps3_step_nr64,72,19,0,0,0,0,0,0,0,0,0,0,0,0,0,0,0,0/32,187910,72,4901,68.0694427,0.0186099727,0.018248098,0.000361875369,44,44,28,28,0,0
trr_uniform_h4_ps1_linear_nr1024,72,0,0,0,0,0,0,0,0,0,0,0,0,0,0,0,0,0/32,187910,72,4901,68.0694427,0.0186099727,0.018248098,0.000361875369,44,44,28,28,0,0
trr_uniform_h4_ps1_linear_nr128,72,0,0,0,0,0,0,0,0,0,0,0,0,0,0,0,0,0/32,187910,72,4901,68.0694427,0.0186099727,0.018248098,0.000361875369,44,44,28,28,0,0
trr_uniform_h4_ps1_linear_nr256,72,0,0,0,0,0,0,0,0,0,0,0,0,0,0,0,0,0/32,187910,72,4901,68.0694427,0.0186099727,0.018248098,0.000361875369,44,44,28,28,0,0
trr_uniform_h4_ps1_linear_nr64,72,2,0,0,0,0,0,0,0,0,0,0,0,4,0,0,0,0/32,187910,72,4901,68.0694427,0.0186099727,0.018248098,0.000361875369,44,44,28,28,0,0
trr_uniform_h4_ps1_sigmoid_nr1024,72,0,0,0,0,0,0,0,0,0,0,0,0,0,0,0,0,0/32,187910,72,4901,68.0694427,0.0186099727,0.018248098,0.000361875369,44,44,28,28,0,0
trr_uniform_h4_ps1_sigmoid_nr128,72,0,0,0,0,0,0,0,0,0,0,0,0,0,0,0,0,0/32,187910,72,4901,68.0694427,0.0186099727,0.018248098,0.000361875369,44,44,28,28,0,0
trr_uniform_h4_ps1_sigmoid_nr256,72,0,0,0,0,0,0,0,0,0,0,0,0,0,0,0,0,0/32,187910,72,4901,68.0694427,0.0186099727,0.018248098,0.000361875369,44,44,28,28,0,0
trr_uniform_h4_ps1_sigmoid_nr64,72,2,0,0,0,0,0,0,0,0,0,0,0,4,0,0,0,0/32,187910,72,4901,68.0694427,0.0186099727,0.018248098,0.000361875369,44,44,28,28,0,0
trr_uniform_h4_ps1_step_nr1024,72,0,0,0,0,0,0,0,0,0,0,0,0,0,0,0,0,0/32,187910,72,4901,68.0694427,0.0186099727,0.018248098,0.000361875369,44,44,28,28,0,0
trr_uniform_h4_ps1_step_nr128,72,0,0,0,0,0,0,0,0,0,0,0,0,0,0,0,0,0/32,187910,72,4901,68.0694427,0.0186099727,0.018248098,0.000361875369,44,44,28,28,0,0
trr_uniform_h4_ps1_step_nr256,72,0,0,0,0,0,0,0,0,0,0,0,0,0,0,0,0,0/32,187910,72,4901,68.0694427,0.0186099727,0.018248098,0.000361875369,44,44,28,28,0,0
trr_uniform_h4_ps1_step_nr64,72,2,0,0,4,0,4,0,0,0,0,0,0,4,4,0,0,0/32,187910,72,4901,68.0694427,0.0186099727,0.018248098,0.000361875369,44,44,28,28,0,0
trr_uniform_h4_ps2_linear_nr1024,72,0,0,0,0,0,0,0,0,0,0,0,0,0,0,0,0,0/32,187910,72,4901,68.0694427,0.0186099727,0.018248098,0.000361875369,44,44,28,28,0,0
trr_uniform_h4_ps2_linear_nr128,72,0,0,0,0,0,0,0,0,0,0,0,0,0,0,0,0,0/32,187910,72,4901,68.0694427,0.0186099727,0.018248098,0.000361875369,44,44,28,28,0,0
trr_uniform_h4_ps2_linear_nr256,72,0,0,0,0,0,0,0,0,0,0,0,0,0,0,0,0,0/32,187910,72,4901,68.0694427,0.0186099727,0.018248098,0.000361875369,44,44,28,28,0,0
trr_uniform_h4_ps2_linear_nr64,72,2,0,0,0,0,0,0,0,0,0,0,0,0,0,0,0,0/32,187910,72,4901,68.0694427,0.0186099727,0.018248098,0.000361875369,44,44,28,28,0,0
trr_uniform_h4_ps2_sigmoid_nr1024,72,0,0,0,0,0,0,0,0,0,0,0,0,0,0,0,0,0/32,187910,72,4901,68.0694427,0.0186099727,0.018248098,0.000361875369,44,44,28,28,0,0
trr_uniform_h4_ps2_sigmoid_nr128,72,0,0,0,0,0,0,0,0,0,0,0,0,0,0,0,0,0/32,187910,72,4901,68.0694427,0.0186099727,0.018248098,0.000361875369,44,44,28,28,0,0
trr_uniform_h4_ps2_sigmoid_nr256,72,0,0,0,0,0,0,0,0,0,0,0,0,0,0,0,0,0/32,187910,72,4901,68.0694427,0.0186099727,0.018248098,0.000361875369,44,44,28,28,0,0
trr_uniform_h4_ps2_sigmoid_nr64,72,2,0,0,0,0,0,0,0,0,0,0,0,0,0,0,0,0/32,187910,72,4901,68.0694427,0.0186099727,0.018248098,0.000361875369,44,44,28,28,0,0
trr_uniform_h4_ps2_step_nr1024,72,0,0,0,0,0,0,0,0,0,0,0,0,0,0,0,0,0/32,187910,72,4901,68.0694427,0.0186099727,0.018248098,0.000361875369,44,44,28,28,0,0
trr_uniform_h4_ps2_step_nr128,72,0,0,0,0,0,0,0,0,0,0,0,0,0,0,0,0,0/32,187910,72,4901,68.0694427,0.0186099727,0.018248098,0.000361875369,44,44,28,28,0,0
trr_uniform_h4_ps2_step_nr256,72,0,0,0,0,0,0,0,0,0,0,0,0,0,0,0,0,0/32,187910,72,4901,68.0694427,0.0186099727,0.018248098,0.000361875369,44,44,28,28,0,0
trr_uniform_h4_ps2_step_nr64,72,2,0,0,0,0,0,0,0,0,0,0,0,0,0,0,0,0/32,187910,72,4901,68.0694427,0.0186099727,0.018248098,0.000361875369,44,44,28,28,0,0
trr_uniform_h4_ps3_linear_nr1024,72,0,0,0,0,0,0,0,0,0,0,0,0,0,0,0,0,0/32,187910,72,4901,68.0694427,0.0186099727,0.018248098,0.000361875369,44,44,28,28,0,0
trr_uniform_h4_ps3_linear_nr128,72,0,0,0,0,0,0,0,0,0,0,0,0,0,0,0,0,0/32,187910,72,4901,68.0694427,0.0186099727,0.018248098,0.000361875369,44,44,28,28,0,0
trr_uniform_h4_ps3_linear_nr256,72,0,0,0,0,0,0,0,0,0,0,0,0,0,0,0,0,0/32,187910,72,4901,68.0694427,0.0186099727,0.018248098,0.000361875369,44,44,28,28,0,0
trr_uniform_h4_ps3_linear_nr64,72,2,0,0,0,0,0,0,0,0,0,0,0,0,0,0,0,0/32,187910,72,4901,68.0694427,0.0186099727,0.018248098,0.000361875369,44,44,28,28,0,0
trr_uniform_h4_ps3_sigmoid_nr1024,72,0,0,0,0,0,0,0,0,0,0,0,0,0,0,0,0,0/32,187910,72,4901,68.0694427,0.0186099727,0.018248098,0.000361875369,44,44,28,28,0,0
trr_uniform_h4_ps3_sigmoid_nr128,72,0,0,0,0,0,0,0,0,0,0,0,0,0,0,0,0,0/32,187910,72,4901,68.0694427,0.0186099727,0.018248098,0.000361875369,44,44,28,28,0,0
trr_uniform_h4_ps3_sigmoid_nr256,72,0,0,0,0,0,0,0,0,0,0,0,0,0,0,0,0,0/32,187910,72,4901,68.0694427,0.0186099727,0.018248098,0.000361875369,44,44,28,28,0,0
trr_uniform_h4_ps3_sigmoid_nr64,72,2,0,0,0,0,0,0,0,0,0,0,0,0,0,0,0,0/32,187910,72,4901,68.0694427,0.0186099727,0.018248098,0.000361875369,44,44,28,28,0,0
trr_uniform_h4_ps3_step_nr1024,72,0,0,0,0,0,0,0,0,0,0,0,0,0,0,0,0,0/32,187910,72,4901,68.0694427,0.0186099727,0.018248098,0.000361875369,44,44,28,28,0,0
trr_uniform_h4_ps3_step_nr128,72,0,0,0,0,0,0,0,0,0,0,0,0,0,0,0,0,0/32,187910,72,4901,68.0694427,0.0186099727,0.018248098,0.000361875369,44,44,28,28,0,0
trr_uniform_h4_ps3_step_nr256,72,0,0,0,0,0,0,0,0,0,0,0,0,0,0,0,0,0/32,187910,72,4901,68.0694427,0.0186099727,0.018248098,0.000361875369,44,44,28,28,0,0
trr_uniform_h4_ps3_step_nr64,72,2,0,0,0,0,0,0,0,0,0,0,0,0,0,0,0,0/32,187910,72,4901,68.0694427,0.0186099727,0.018248098,0.000361875369,44,44,28,28,0,0
